Open Time,Open,High,Low,Close,Volume,Close Time,Quote Asset Volume,Number of Trades,Taker Buy Base Asset Volume,Taker Buy Quote Asset Volume,Ignore
2024-09-17 19:00:00,546.8,548.2,541.8,545.2,5871.28,2024-09-17 19:59:59.999,3200072.8678,22502,2758.72800000,1503340.24230000,0
2024-09-17 20:00:00,545.2,547.1,543.5,545.1,8184.257,2024-09-17 20:59:59.999,4464670.583,16713,3742.61400000,2041907.41800000,0
2024-09-17 21:00:00,545.1,547.8,545.1,547.2,2982.159,2024-09-17 21:59:59.999,1631064.6818,7224,1653.10200000,904051.09290000,0
2024-09-17 22:00:00,547.1,547.1,544.5,545.4,3258.05,2024-09-17 22:59:59.999,1777946.8462,10357,1371.35100000,748426.31890000,0
2024-09-17 23:00:00,545.4,546.2,544.0,546.2,2802.827,2024-09-17 23:59:59.999,1527301.2936,8436,1493.69700000,813950.38940000,0
2024-09-18 00:00:00,546.2,546.4,542.1,545.7,6095.721,2024-09-18 00:59:59.999,3319617.0949,17812,3647.56900000,1986712.40890000,0
2024-09-18 01:00:00,545.8,548.8,544.5,545.4,9266.526,2024-09-18 01:59:59.999,5064628.1002,17882,5534.32800000,3025082.63930000,0
2024-09-18 02:00:00,545.5,548.1,545.3,547.9,4227.934,2024-09-18 02:59:59.999,2312507.6877,13658,2550.71900000,1395029.74330000,0
2024-09-18 03:00:00,548.0,549.8,547.4,547.4,4695.126,2024-09-18 03:59:59.999,2576528.5817,12554,2347.62400000,1288573.38980000,0
2024-09-18 04:00:00,547.5,547.8,544.5,545.7,4447.618,2024-09-18 04:59:59.999,2431123.8077,12513,2173.02300000,1187794.18630000,0
2024-09-18 05:00:00,545.7,546.0,544.0,545.0,3796.361,2024-09-18 05:59:59.999,2069631.6053,11434,2030.39200000,1106972.27860000,0
2024-09-18 06:00:00,545.0,546.4,544.4,545.3,3955.517,2024-09-18 06:59:59.999,2156901.8753,10177,1753.49000000,956316.06160000,0
2024-09-18 07:00:00,545.2,546.1,544.6,545.5,3107.803,2024-09-18 07:59:59.999,1694998.4872,8979,1651.82200000,900856.83960000,0
2024-09-18 08:00:00,545.6,545.6,543.2,543.4,5306.58,2024-09-18 08:59:59.999,2888235.0671,11579,2598.02900000,1413863.93750000,0
2024-09-18 09:00:00,543.4,543.8,538.5,538.7,8532.327,2024-09-18 09:59:59.999,4619954.2946,20113,2984.40500000,1616836.13950000,0
2024-09-18 10:00:00,538.6,542.8,536.8,542.7,9974.875,2024-09-18 10:59:59.999,5387158.3699,25801,5778.86800000,3121621.99200000,0
2024-09-18 11:00:00,542.7,542.8,539.8,540.0,5691.214,2024-09-18 11:59:59.999,3081810.4228,13994,2139.93500000,1159444.58830000,0
2024-09-18 12:00:00,540.0,542.4,539.2,542.2,3728.914,2024-09-18 12:59:59.999,2015505.6816,12624,2031.66500000,1098354.27110000,0
2024-09-18 13:00:00,542.2,543.7,538.5,540.0,7174.874,2024-09-18 13:59:59.999,3879367.588,22230,3197.20300000,1729751.77660000,0
2024-09-18 14:00:00,540.1,543.1,539.7,541.5,5901.565,2024-09-18 14:59:59.999,3194153.9689,23586,3330.56200000,1802720.74800000,0
2024-09-18 15:00:00,541.5,542.7,536.9,538.2,6876.007,2024-09-18 15:59:59.999,3710138.1471,21299,2496.10300000,1347139.94910000,0
2024-09-18 16:00:00,538.2,542.0,536.9,541.7,5099.592,2024-09-18 16:59:59.999,2751959.8385,20033,2447.28400000,1321494.70970000,0
2024-09-18 17:00:00,541.7,543.8,538.5,542.7,6204.663,2024-09-18 17:59:59.999,3360575.1316,19036,3421.33400000,1854180.70100000,0
2024-09-18 18:00:00,542.6,555.0,541.5,547.7,47337.23,2024-09-18 18:59:59.999,25897190.9779,94648,26164.21500000,14321806.95700000,0
2024-09-18 19:00:00,547.7,548.3,543.3,545.1,11799.452,2024-09-18 19:59:59.999,6440453.015,44451,5187.34200000,2831660.91580000,0
2024-09-18 20:00:00,545.0,547.7,541.2,547.4,9132.888,2024-09-18 20:59:59.999,4972996.664,24021,4695.57600000,2557272.40230000,0
2024-09-18 21:00:00,547.5,549.5,546.8,548.1,3735.742,2024-09-18 21:59:59.999,2047917.8277,9243,2044.37700000,1120780.91370000,0
2024-09-18 22:00:00,548.0,552.8,548.0,552.3,5387.987,2024-09-18 22:59:59.999,2966710.7986,13006,3264.98900000,1798118.72790000,0
2024-09-18 23:00:00,552.3,559.7,552.3,559.5,19706.469,2024-09-18 23:59:59.999,10983470.9126,29735,10653.82300000,5936511.52330000,0
2024-09-19 00:00:00,559.5,562.6,558.1,560.6,23138.81,2024-09-19 00:59:59.999,12965289.8853,48925,12563.84200000,7039671.17450000,0
2024-09-19 01:00:00,560.6,561.3,554.9,557.0,15313.052,2024-09-19 01:59:59.999,8543698.3761,31775,6911.61500000,3856677.74520000,0
2024-09-19 02:00:00,557.0,559.4,555.6,559.1,12210.33,2024-09-19 02:59:59.999,6805389.4294,17563,6791.87300000,3785983.71620000,0
2024-09-19 03:00:00,559.0,561.7,558.5,560.1,7907.356,2024-09-19 03:59:59.999,4426938.1449,17597,4802.00800000,2688451.44940000,0
2024-09-19 04:00:00,560.1,562.1,559.5,561.5,9097.631,2024-09-19 04:59:59.999,5102880.7991,17366,4767.93500000,2675039.05390000,0
2024-09-19 05:00:00,561.6,562.1,559.2,559.6,8026.409,2024-09-19 05:59:59.999,4503243.8056,14998,3717.63100000,2086065.10690000,0
2024-09-19 06:00:00,559.7,560.0,557.8,558.3,8571.283,2024-09-19 06:59:59.999,4789838.9936,14649,4752.09900000,2655864.99640000,0
2024-09-19 07:00:00,558.3,558.5,556.3,557.1,12786.576,2024-09-19 07:59:59.999,7127577.1629,19575,8098.16300000,4514394.57690000,0
2024-09-19 08:00:00,557.1,557.4,553.1,553.5,11834.987,2024-09-19 08:59:59.999,6571870.7116,17190,5968.93900000,3315921.36750000,0
2024-09-19 09:00:00,553.5,557.2,553.0,555.9,7729.951,2024-09-19 09:59:59.999,4295673.0683,17064,4576.57000000,2543530.60310000,0
2024-09-19 10:00:00,556.0,558.1,555.4,556.3,7275.434,2024-09-19 10:59:59.999,4049771.607,16871,3454.34300000,1923157.45200000,0
2024-09-19 11:00:00,556.3,558.7,556.2,558.6,4765.204,2024-09-19 11:59:59.999,2657249.2932,12390,2726.15500000,1520487.37060000,0
2024-09-19 12:00:00,558.6,567.2,558.4,565.8,50235.676,2024-09-19 12:59:59.999,28328689.8462,52321,25480.95700000,14362052.49740000,0
2024-09-19 13:00:00,565.9,568.4,561.5,564.1,20975.696,2024-09-19 13:59:59.999,11860638.3093,38044,9713.53400000,5491974.00960000,0
2024-09-19 14:00:00,564.2,567.3,563.8,564.1,19285.237,2024-09-19 14:59:59.999,10913038.3331,38167,7693.67900000,4353667.16210000,0
2024-09-19 15:00:00,564.2,566.1,562.9,565.3,9904.313,2024-09-19 15:59:59.999,5586550.0527,21643,4845.29200000,2733009.10270000,0
2024-09-19 16:00:00,565.2,571.9,565.0,570.5,17222.758,2024-09-19 16:59:59.999,9797959.4664,37286,9658.27400000,5493689.42370000,0
2024-09-19 17:00:00,570.5,572.2,567.5,570.3,15150.552,2024-09-19 17:59:59.999,8633840.6643,28812,7558.63500000,4307405.75910000,0
2024-09-19 18:00:00,570.3,571.0,568.2,568.7,7081.656,2024-09-19 18:59:59.999,4034218.0253,18498,3607.83300000,2055332.93100000,0
2024-09-19 19:00:00,568.7,568.7,565.4,566.0,6428.778,2024-09-19 19:59:59.999,3646526.52,18106,3149.43000000,1786669.96380000,0
2024-09-19 20:00:00,566.0,567.7,565.8,566.6,5281.189,2024-09-19 20:59:59.999,2993148.7443,10654,3296.89500000,1868514.28420000,0
2024-09-19 21:00:00,566.6,567.2,562.8,563.0,9664.107,2024-09-19 21:59:59.999,5467831.2607,14396,4249.08700000,2404956.48810000,0
2024-09-19 22:00:00,563.0,566.2,561.7,566.0,13759.167,2024-09-19 22:59:59.999,7749717.8039,22390,8328.67500000,4691379.15030000,0
2024-09-19 23:00:00,566.0,567.0,564.6,567.0,4781.59,2024-09-19 23:59:59.999,2704046.1133,12209,2424.82600000,1371316.27000000,0
2024-09-20 00:00:00,566.9,568.0,555.0,560.8,23736.24,2024-09-20 00:59:59.999,13345198.7699,40030,9758.85100000,5489175.18060000,0
2024-09-20 01:00:00,560.9,563.3,559.0,563.0,10967.815,2024-09-20 01:59:59.999,6153112.3901,20517,5928.25100000,3327438.18330000,0
2024-09-20 02:00:00,563.1,564.7,561.4,564.3,6183.917,2024-09-20 02:59:59.999,3481490.7146,16594,3169.10000000,1784460.68070000,0
2024-09-20 03:00:00,564.3,571.7,563.8,571.6,13267.816,2024-09-20 03:59:59.999,7521568.9216,26454,8850.41900000,5019463.88370000,0
2024-09-20 04:00:00,571.6,575.0,570.1,574.5,23497.359,2024-09-20 04:59:59.999,13468594.4033,51675,13052.49400000,7482017.87900000,0
2024-09-20 05:00:00,574.5,577.1,572.7,574.2,15029.347,2024-09-20 05:59:59.999,8640524.7845,27988,7996.64400000,4597449.98520000,0
2024-09-20 06:00:00,574.3,576.3,572.5,575.6,12314.975,2024-09-20 06:59:59.999,7072825.6532,23850,6520.43200000,3746164.58660000,0
2024-09-20 07:00:00,575.7,575.8,571.4,573.6,11187.112,2024-09-20 07:59:59.999,6412413.3654,22755,4823.13900000,2765334.69290000,0
2024-09-20 08:00:00,573.5,573.9,568.8,571.3,14251.308,2024-09-20 08:59:59.999,8146997.0157,24584,6513.70600000,3725582.93940000,0
2024-09-20 09:00:00,571.2,573.2,571.0,571.5,9459.545,2024-09-20 09:59:59.999,5413077.4253,17253,5417.40800000,3099956.62580000,0
2024-09-20 10:00:00,571.5,572.2,570.1,571.0,6195.06,2024-09-20 10:59:59.999,3538409.4328,14520,2837.32700000,1620911.31580000,0
2024-09-20 11:00:00,570.9,571.6,566.5,569.9,19589.188,2024-09-20 11:59:59.999,11153562.2297,35331,9655.97900000,5499612.00340000,0
2024-09-20 12:00:00,570.0,573.7,569.9,572.0,12625.284,2024-09-20 12:59:59.999,7219050.6794,24907,5521.95800000,3157126.38230000,0
2024-09-20 13:00:00,572.0,572.6,565.9,567.0,17376.302,2024-09-20 13:59:59.999,9876832.5095,41971,7156.44400000,4068171.67410000,0
2024-09-20 14:00:00,567.0,571.5,564.4,568.2,19076.076,2024-09-20 14:59:59.999,10829468.2313,47205,9635.22800000,5470126.50200000,0
2024-09-20 15:00:00,568.2,570.9,565.6,569.8,7497.436,2024-09-20 15:59:59.999,4261474.0791,28237,3870.88400000,2200594.73540000,0
2024-09-20 16:00:00,569.9,570.8,566.3,567.0,8259.897,2024-09-20 16:59:59.999,4694250.7097,20703,3849.29600000,2188182.43040000,0
2024-09-20 17:00:00,567.0,567.6,565.4,566.5,4574.024,2024-09-20 17:59:59.999,2590269.0095,17702,2539.41300000,1437960.87710000,0
2024-09-20 18:00:00,566.5,567.4,564.2,566.9,4149.294,2024-09-20 18:59:59.999,2348160.1539,17217,1848.42000000,1046321.03050000,0
2024-09-20 19:00:00,566.9,567.7,566.0,566.7,2982.374,2024-09-20 19:59:59.999,1690871.0582,11394,1455.82700000,825522.91270000,0
2024-09-20 20:00:00,566.7,567.8,566.0,566.9,4702.874,2024-09-20 20:59:59.999,2667725.4012,9126,2562.38200000,1453560.10130000,0
2024-09-20 21:00:00,566.9,570.0,566.8,568.3,4965.765,2024-09-20 21:59:59.999,2824312.1132,13063,2665.48700000,1515898.73830000,0
2024-09-20 22:00:00,568.4,568.9,567.8,568.2,3412.861,2024-09-20 22:59:59.999,1940370.1571,9571,1818.65400000,1034059.18500000,0
2024-09-20 23:00:00,568.3,569.1,567.3,569.0,1775.84,2024-09-20 23:59:59.999,1008701.0878,6164,1119.25100000,635830.30320000,0
2024-09-21 00:00:00,569.1,573.1,567.9,570.6,7990.495,2024-09-21 00:59:59.999,4559725.8327,19169,5556.81300000,3170496.61200000,0
2024-09-21 01:00:00,570.7,572.0,567.2,567.3,6917.641,2024-09-21 01:59:59.999,3942138.3273,16300,2926.46100000,1668668.82760000,0
2024-09-21 02:00:00,567.2,569.2,566.4,569.0,6448.587,2024-09-21 02:59:59.999,3659878.8124,14572,4135.10700000,2346415.45420000,0
2024-09-21 03:00:00,569.0,570.0,567.6,567.8,2488.017,2024-09-21 03:59:59.999,1415886.3969,9880,1390.82700000,791785.07440000,0
2024-09-21 04:00:00,567.8,570.4,567.6,570.2,10933.282,2024-09-21 04:59:59.999,6214866.1458,19867,6741.97700000,3832098.94340000,0
2024-09-21 05:00:00,570.2,574.6,569.6,574.1,10795.595,2024-09-21 05:59:59.999,6181845.8674,15653,6999.16500000,4008865.45790000,0
2024-09-21 06:00:00,574.2,579.7,573.9,577.2,13689.877,2024-09-21 06:59:59.999,7902485.7831,28972,8183.09900000,4722799.07720000,0
2024-09-21 07:00:00,577.2,583.6,577.2,582.6,18568.606,2024-09-21 07:59:59.999,10776373.2029,30099,12036.03100000,6983413.01380000,0
2024-09-21 08:00:00,582.6,586.0,581.0,585.7,19321.526,2024-09-21 08:59:59.999,11273089.1767,29117,10330.02900000,6029843.20120000,0
2024-09-21 09:00:00,585.7,587.6,583.9,587.3,16863.894,2024-09-21 09:59:59.999,9879340.2012,27720,9145.48100000,5358631.13950000,0
2024-09-21 10:00:00,587.3,587.4,581.5,581.7,12248.545,2024-09-21 10:59:59.999,7147451.192,21390,4462.98500000,2604019.21990000,0
2024-09-21 11:00:00,581.6,582.7,580.1,580.3,13526.552,2024-09-21 11:59:59.999,7863235.9378,21121,6458.84000000,3754549.54610000,0
2024-09-21 12:00:00,580.2,582.9,579.6,582.1,6949.718,2024-09-21 12:59:59.999,4038851.1324,16451,3815.89000000,2217791.16830000,0
2024-09-21 13:00:00,582.1,584.8,580.6,583.4,7404.67,2024-09-21 13:59:59.999,4313496.2573,20498,5048.74300000,2940837.37610000,0
2024-09-21 14:00:00,583.4,585.7,582.6,584.9,7567.273,2024-09-21 14:59:59.999,4422344.381,17422,4555.81600000,2662514.61890000,0
2024-09-21 15:00:00,585.0,585.0,582.0,583.7,5713.565,2024-09-21 15:59:59.999,3334562.272,17365,2634.37000000,1537669.83800000,0
2024-09-21 16:00:00,583.7,584.6,582.5,584.4,5987.772,2024-09-21 16:59:59.999,3495143.2561,14300,2868.62500000,1674760.24110000,0
2024-09-21 17:00:00,584.4,585.4,583.8,584.6,2990.562,2024-09-21 17:59:59.999,1748939.4642,9602,1589.19300000,929473.30500000,0
2024-09-21 18:00:00,584.7,585.4,584.2,584.3,1851.621,2024-09-21 18:59:59.999,1082680.5363,5988,1037.46200000,606717.96260000,0
2024-09-21 19:00:00,584.4,585.8,584.0,585.1,3666.694,2024-09-21 19:59:59.999,2144766.7355,6407,1896.40300000,1109440.29390000,0
2024-09-21 20:00:00,585.1,585.3,584.2,584.5,5074.526,2024-09-21 20:59:59.999,2968284.6936,6000,2733.20400000,1598938.41850000,0
2024-09-21 21:00:00,584.6,585.4,583.4,585.4,3813.058,2024-09-21 21:59:59.999,2227887.0654,6809,1668.00700000,974625.04250000,0
2024-09-21 22:00:00,585.4,588.0,584.9,587.7,5838.004,2024-09-21 22:59:59.999,3424703.0863,9173,4353.87000000,2554298.51690000,0
2024-09-21 23:00:00,587.7,590.0,587.0,588.6,12102.15,2024-09-21 23:59:59.999,7126054.2287,15657,6819.49500000,4016449.15020000,0
2024-09-22 00:00:00,588.7,589.7,584.2,586.4,8450.053,2024-09-22 00:59:59.999,4956783.2977,26195,3544.23500000,2080088.54990000,0
2024-09-22 01:00:00,586.4,586.8,583.3,583.9,8283.574,2024-09-22 01:59:59.999,4845942.7206,15063,3295.28100000,1928008.25040000,0
2024-09-22 02:00:00,584.0,584.5,580.9,582.2,8902.588,2024-09-22 02:59:59.999,5184381.9438,19454,3598.69100000,2095798.61350000,0
2024-09-22 03:00:00,582.3,584.3,581.7,584.1,4155.386,2024-09-22 03:59:59.999,2423752.1533,11256,2656.46900000,1549395.78080000,0
2024-09-22 04:00:00,584.1,584.2,582.7,583.0,3195.078,2024-09-22 04:59:59.999,1864503.4869,7803,1783.06200000,1040675.02620000,0
2024-09-22 05:00:00,583.0,583.8,581.5,583.1,4457.378,2024-09-22 05:59:59.999,2597496.9884,11093,2780.87900000,1620784.12790000,0
2024-09-22 06:00:00,583.1,585.4,582.3,583.0,8126.222,2024-09-22 06:59:59.999,4744879.6795,16933,4572.82600000,2670708.17560000,0
2024-09-22 07:00:00,583.0,584.6,582.2,584.6,5463.868,2024-09-22 07:59:59.999,3186376.2648,11132,3476.53100000,2027631.21280000,0
2024-09-22 08:00:00,584.6,585.9,584.2,585.5,5277.838,2024-09-22 08:59:59.999,3088310.5921,10702,3771.59500000,2207105.55260000,0
2024-09-22 09:00:00,585.6,585.6,581.0,582.0,8341.134,2024-09-22 09:59:59.999,4862416.7095,16868,3144.12000000,1832590.87320000,0
2024-09-22 10:00:00,582.0,583.1,580.0,581.9,9175.207,2024-09-22 10:59:59.999,5336676.5104,16872,4049.38400000,2355398.21420000,0
2024-09-22 11:00:00,581.9,583.1,580.0,581.4,5094.278,2024-09-22 11:59:59.999,2963768.7983,16652,2604.53200000,1515078.18040000,0
2024-09-22 12:00:00,581.5,583.1,581.3,582.5,5274.724,2024-09-22 12:59:59.999,3070799.3273,13971,3368.04300000,1960807.19170000,0
2024-09-22 13:00:00,582.5,583.0,578.3,579.7,9386.906,2024-09-22 13:59:59.999,5447947.8093,19727,3846.56000000,2232566.47220000,0
2024-09-22 14:00:00,579.7,580.3,577.1,579.2,13476.638,2024-09-22 14:59:59.999,7799584.3218,24054,5900.75200000,3415283.14680000,0
2024-09-22 15:00:00,579.1,582.1,578.6,580.6,8747.75,2024-09-22 15:59:59.999,5078094.9963,16171,4910.46000000,2851596.91620000,0
2024-09-22 16:00:00,580.6,581.0,578.1,580.3,5761.741,2024-09-22 16:59:59.999,3339872.026,13779,3205.76900000,1858597.07960000,0
2024-09-22 17:00:00,580.3,584.6,580.2,583.8,4996.08,2024-09-22 17:59:59.999,2912296.0197,13579,3720.40200000,2168926.33310000,0
2024-09-22 18:00:00,583.8,587.4,582.3,586.9,6926.053,2024-09-22 18:59:59.999,4052636.6302,12764,4850.91100000,2838985.51410000,0
2024-09-22 19:00:00,586.8,587.6,582.3,585.9,6961.777,2024-09-22 19:59:59.999,4070166.8887,14610,3561.78000000,2082924.22970000,0
2024-09-22 20:00:00,585.8,594.6,585.8,589.9,23386.881,2024-09-22 20:59:59.999,13814882.1154,31808,14734.63500000,8699459.66890000,0
2024-09-22 21:00:00,589.8,589.9,580.2,580.8,9953.217,2024-09-22 21:59:59.999,5836505.1132,19044,3533.71600000,2071382.61860000,0
2024-09-22 22:00:00,580.7,589.6,576.4,588.4,20885.972,2024-09-22 22:59:59.999,12177928.692,42688,10048.03100000,5858999.69430000,0
2024-09-22 23:00:00,588.4,588.8,585.2,588.7,8298.448,2024-09-22 23:59:59.999,4871720.3972,16013,5202.70400000,3054725.14940000,0
2024-09-23 00:00:00,588.7,591.8,583.4,590.3,19108.546,2024-09-23 00:59:59.999,11237877.0409,48523,10862.50700000,6389015.73160000,0
2024-09-23 01:00:00,590.3,595.7,589.6,595.3,18749.693,2024-09-23 01:59:59.999,11134201.631,34700,11479.35400000,6817462.37400000,0
2024-09-23 02:00:00,595.2,597.8,593.7,595.5,18779.717,2024-09-23 02:59:59.999,11180917.6273,31988,10638.21700000,6334825.06760000,0
2024-09-23 03:00:00,595.5,599.5,595.3,596.8,25247.894,2024-09-23 03:59:59.999,15088377.8091,37996,13520.69300000,8079238.00330000,0
2024-09-23 04:00:00,596.8,597.5,591.8,594.5,12780.894,2024-09-23 04:59:59.999,7599928.5479,26878,6149.76800000,3657553.21720000,0
2024-09-23 05:00:00,594.6,596.2,593.2,594.7,7052.617,2024-09-23 05:59:59.999,4194399.9054,18977,3989.22700000,2372609.22140000,0
2024-09-23 06:00:00,594.7,594.9,593.0,593.6,5591.327,2024-09-23 06:59:59.999,3321511.6624,19039,2770.42000000,1645847.00070000,0
2024-09-23 07:00:00,593.7,593.9,589.4,591.2,8368.312,2024-09-23 07:59:59.999,4945918.0494,19848,3440.23800000,2033325.73240000,0
2024-09-23 08:00:00,591.2,591.6,587.9,589.9,8351.827,2024-09-23 08:59:59.999,4927424.46,17423,4051.70000000,2391182.25640000,0
2024-09-23 09:00:00,590.0,592.7,589.8,592.7,6834.183,2024-09-23 09:59:59.999,4042203.7302,12683,4301.40300000,2544138.68730000,0
2024-09-23 10:00:00,592.6,593.1,589.6,592.0,7948.394,2024-09-23 10:59:59.999,4701433.9804,13569,4692.16600000,2775702.65360000,0
2024-09-23 11:00:00,592.0,593.0,589.8,592.4,8370.176,2024-09-23 11:59:59.999,4951563.6317,15539,3853.98700000,2279564.90430000,0
2024-09-23 12:00:00,592.4,594.8,591.4,594.0,9132.726,2024-09-23 12:59:59.999,5418834.3223,18376,5160.55700000,3061596.49850000,0
2024-09-23 13:00:00,593.9,595.7,592.2,593.2,10922.598,2024-09-23 13:59:59.999,6489225.7771,25756,6338.15800000,3766348.13920000,0
2024-09-23 14:00:00,593.1,596.7,592.4,594.5,11538.186,2024-09-23 14:59:59.999,6863925.0594,28087,5965.33200000,3549241.85230000,0
2024-09-23 15:00:00,594.5,601.6,591.8,600.6,26099.188,2024-09-23 15:59:59.999,15611352.6153,34394,17500.26100000,10475335.23520000,0
2024-09-23 16:00:00,600.7,608.0,600.5,606.5,52884.868,2024-09-23 16:59:59.999,31971289.3434,75776,31380.77500000,18974900.23730000,0
2024-09-23 17:00:00,606.4,610.0,605.4,608.3,25189.983,2024-09-23 17:59:59.999,15318405.4804,54777,14258.65300000,8672138.61470000,0
2024-09-23 18:00:00,608.4,614.8,608.2,612.4,25012.942,2024-09-23 18:59:59.999,15302329.1312,30732,16745.19000000,10244273.85130000,0
2024-09-23 19:00:00,612.3,616.0,610.2,612.0,19095.466,2024-09-23 19:59:59.999,11714393.7164,32061,9869.48600000,6055592.49350000,0
2024-09-23 20:00:00,612.0,614.9,610.0,610.4,18623.899,2024-09-23 20:59:59.999,11405270.7885,19609,7651.20800000,4687405.92720000,0
2024-09-23 21:00:00,610.4,612.5,607.8,609.8,12223.416,2024-09-23 21:59:59.999,7456641.2546,16771,5762.18900000,3515379.03670000,0
2024-09-23 22:00:00,609.7,609.8,606.3,606.3,5668.682,2024-09-23 22:59:59.999,3446408.9606,10411,2595.07700000,1577705.33560000,0
2024-09-23 23:00:00,606.3,607.4,601.0,604.5,12434.673,2024-09-23 23:59:59.999,7515082.6613,15115,4901.98000000,2962398.68640000,0
2024-09-24 00:00:00,604.5,607.9,602.8,603.1,14049.911,2024-09-24 00:59:59.999,8502712.1629,31108,6470.11000000,3915996.66590000,0
2024-09-24 01:00:00,603.2,609.5,602.6,604.0,11824.829,2024-09-24 01:59:59.999,7159834.1044,27633,6528.10700000,3955132.81180000,0
2024-09-24 02:00:00,603.9,605.3,600.2,604.2,12421.105,2024-09-24 02:59:59.999,7479284.9425,26429,5265.62900000,3171991.67640000,0
2024-09-24 03:00:00,604.2,607.3,603.1,606.5,9585.145,2024-09-24 03:59:59.999,5799916.2498,21675,5235.32900000,3169217.42350000,0
2024-09-24 04:00:00,606.5,606.5,601.4,602.4,11179.276,2024-09-24 04:59:59.999,6745068.0832,19086,3431.81100000,2070455.52310000,0
2024-09-24 05:00:00,602.4,603.0,600.4,602.4,7533.516,2024-09-24 05:59:59.999,4534087.5819,28718,3592.55800000,2162369.51850000,0
2024-09-24 06:00:00,602.4,603.1,601.1,601.4,8245.961,2024-09-24 06:59:59.999,4966401.4037,36454,3506.05800000,2111397.72990000,0
2024-09-24 07:00:00,601.4,603.1,601.0,602.2,8684.153,2024-09-24 07:59:59.999,5230911.7516,32875,3819.50000000,2300853.22710000,0
2024-09-24 08:00:00,602.2,606.2,600.8,605.1,13614.334,2024-09-24 08:59:59.999,8216857.206,30250,7456.61200000,4500478.50360000,0
2024-09-24 09:00:00,605.2,605.4,600.8,602.9,7722.275,2024-09-24 09:59:59.999,4653764.9266,17503,2766.67400000,1667050.41200000,0
2024-09-24 10:00:00,602.9,605.0,602.4,603.1,6337.071,2024-09-24 10:59:59.999,3826218.6963,13909,2762.25400000,1667701.31210000,0
2024-09-24 11:00:00,603.1,605.2,602.0,603.8,7900.506,2024-09-24 11:59:59.999,4769194.3494,13385,4379.36200000,2643847.59540000,0
2024-09-24 12:00:00,603.8,606.9,603.1,603.8,9748.717,2024-09-24 12:59:59.999,5897454.36,19473,4723.70100000,2858183.21280000,0
2024-09-24 13:00:00,603.8,609.0,603.7,606.8,9381.766,2024-09-24 13:59:59.999,5691837.8364,19578,5864.48500000,3558452.08120000,0
2024-09-24 14:00:00,606.8,608.5,598.5,605.4,26539.629,2024-09-24 14:59:59.999,16024988.8199,51411,11779.22600000,7116443.38470000,0
2024-09-24 15:00:00,605.5,608.9,604.4,606.3,16752.468,2024-09-24 15:59:59.999,10171488.685,25860,8101.45200000,4919073.28810000,0
2024-09-24 16:00:00,606.3,608.1,604.4,606.4,9182.622,2024-09-24 16:59:59.999,5568280.9061,18245,4852.33800000,2942373.61770000,0
2024-09-24 17:00:00,606.4,610.0,605.5,608.3,12068.951,2024-09-24 17:59:59.999,7339096.6453,21496,7374.34600000,4486192.78550000,0
2024-09-24 18:00:00,608.2,609.6,606.5,606.9,6676.172,2024-09-24 18:59:59.999,4059292.6122,17708,3314.69600000,2015346.19510000,0
2024-09-24 19:00:00,607.0,610.1,606.6,609.4,7409.805,2024-09-24 19:59:59.999,4507901.3442,14044,4363.70600000,2655627.12760000,0
2024-09-24 20:00:00,609.5,611.9,607.3,608.5,11256.3,2024-09-24 20:59:59.999,6860361.1568,26815,6009.12400000,3662732.76730000,0
2024-09-24 21:00:00,608.6,609.0,607.1,607.3,5533.546,2024-09-24 21:59:59.999,3364443.682,9024,3078.48100000,1871684.20600000,0
2024-09-24 22:00:00,607.3,613.4,605.1,607.9,20211.073,2024-09-24 22:59:59.999,12322335.753,27775,11072.77000000,6754552.96740000,0
2024-09-24 23:00:00,607.8,609.7,605.6,605.9,7763.0,2024-09-24 23:59:59.999,4714983.7152,15450,2581.67400000,1568983.61300000,0
2024-09-25 00:00:00,605.8,607.6,602.6,604.3,11841.603,2024-09-25 00:59:59.999,7161094.1423,19886,6488.97100000,3924792.24090000,0
2024-09-25 01:00:00,604.4,608.3,603.5,606.6,11180.234,2024-09-25 01:59:59.999,6772068.1041,21870,5569.57800000,3373966.40660000,0
2024-09-25 02:00:00,606.6,607.4,605.4,606.6,5280.087,2024-09-25 02:59:59.999,3201967.3301,11430,2673.46100000,1621302.69690000,0
2024-09-25 03:00:00,606.7,607.3,604.1,607.1,6004.61,2024-09-25 03:59:59.999,3635478.7656,13621,2917.25700000,1766604.38810000,0
2024-09-25 04:00:00,607.1,607.1,602.7,602.7,4750.577,2024-09-25 04:59:59.999,2873310.1583,15141,1977.24400000,1196368.86450000,0
2024-09-25 05:00:00,602.8,603.8,601.0,601.8,10083.905,2024-09-25 05:59:59.999,6072070.1448,17567,4006.58700000,2412798.21540000,0
2024-09-25 06:00:00,601.8,601.9,592.8,594.3,22764.845,2024-09-25 06:59:59.999,13586797.9508,34871,10191.79700000,6071740.39300000,0
2024-09-25 07:00:00,594.4,596.8,593.2,596.1,16792.823,2024-09-25 07:59:59.999,9993201.7031,27181,8313.37500000,4947426.92430000,0
2024-09-25 08:00:00,596.2,598.1,594.7,597.2,8797.728,2024-09-25 08:59:59.999,5248885.7663,13882,4811.48000000,2871102.38690000,0
2024-09-25 09:00:00,597.2,598.4,594.1,594.5,7390.357,2024-09-25 09:59:59.999,4405936.5772,16453,3252.58200000,1940229.74670000,0
2024-09-25 10:00:00,594.4,596.1,593.0,594.7,5847.574,2024-09-25 10:59:59.999,3478674.3415,15338,2952.77500000,1756846.37340000,0
2024-09-25 11:00:00,594.6,596.8,593.1,596.7,7902.085,2024-09-25 11:59:59.999,4700367.5611,15195,4693.79500000,2792675.76570000,0
2024-09-25 12:00:00,596.7,597.4,593.6,593.6,8315.373,2024-09-25 12:59:59.999,4953867.9088,15500,2994.66000000,1784844.68580000,0
2024-09-25 13:00:00,593.7,597.0,592.1,596.9,8862.693,2024-09-25 13:59:59.999,5265622.25,22991,4891.45200000,2906990.52730000,0
2024-09-25 14:00:00,596.9,599.7,596.2,599.1,9920.268,2024-09-25 14:59:59.999,5932731.7305,22022,6130.13100000,3666714.84950000,0
2024-09-25 15:00:00,599.1,599.1,593.0,593.2,9926.331,2024-09-25 15:59:59.999,5918188.1021,22391,4595.61900000,2741289.78880000,0
2024-09-25 16:00:00,593.3,595.5,592.5,593.5,10134.942,2024-09-25 16:59:59.999,6021630.8884,18619,4581.05400000,2721819.44400000,0
2024-09-25 17:00:00,593.5,594.1,585.8,588.0,17048.712,2024-09-25 17:59:59.999,10050210.5884,32780,5611.12700000,3306000.88890000,0
2024-09-25 18:00:00,587.9,590.9,587.4,590.3,6170.741,2024-09-25 18:59:59.999,3634853.7438,15918,3569.02100000,2102453.93040000,0
2024-09-25 19:00:00,590.2,591.5,586.7,587.0,6631.83,2024-09-25 19:59:59.999,3904636.2904,16537,2804.92600000,1652024.10280000,0
2024-09-25 20:00:00,587.1,589.5,586.9,588.9,3973.25,2024-09-25 20:59:59.999,2337861.6944,12534,2057.70100000,1210705.16350000,0
2024-09-25 21:00:00,589.0,589.8,587.4,587.7,5779.911,2024-09-25 21:59:59.999,3403135.8442,9076,2176.96000000,1282137.31740000,0
2024-09-25 22:00:00,587.8,588.3,584.2,587.1,8580.128,2024-09-25 22:59:59.999,5031892.574,19045,3051.70400000,1789918.65380000,0
2024-09-25 23:00:00,587.0,588.0,584.2,587.4,6813.341,2024-09-25 23:59:59.999,3992653.828,17714,3020.91500000,1769967.32280000,0
2024-09-26 00:00:00,587.5,589.1,582.4,584.5,13645.885,2024-09-26 00:59:59.999,8000268.559,28388,6253.55900000,3666629.62760000,0
2024-09-26 01:00:00,584.5,586.2,580.8,586.2,16190.897,2024-09-26 01:59:59.999,9447611.8278,29388,7468.37600000,4358920.47690000,0
2024-09-26 02:00:00,586.3,589.2,586.2,588.3,9087.29,2024-09-26 02:59:59.999,5341489.6009,15419,5650.22500000,3321012.81290000,0
2024-09-26 03:00:00,588.4,589.6,586.1,587.9,9904.223,2024-09-26 03:59:59.999,5821279.3418,14995,4606.81000000,2709134.34760000,0
2024-09-26 04:00:00,588.0,588.6,587.1,588.0,7510.019,2024-09-26 04:59:59.999,4415014.5126,11219,3124.48100000,1837020.99150000,0
2024-09-26 05:00:00,588.0,591.6,587.2,590.6,8192.715,2024-09-26 05:59:59.999,4832350.2557,14841,4973.80400000,2934110.06000000,0
2024-09-26 06:00:00,590.7,595.5,590.6,594.8,14460.771,2024-09-26 06:59:59.999,8579831.9074,23519,7986.05900000,4736953.69400000,0
2024-09-26 07:00:00,594.8,596.4,593.1,595.8,15933.772,2024-09-26 07:59:59.999,9481306.2066,20479,8392.37000000,4995039.72550000,0
2024-09-26 08:00:00,595.9,597.2,594.3,594.5,9728.829,2024-09-26 08:59:59.999,5796488.7597,18198,5938.66700000,3538731.86390000,0
2024-09-26 09:00:00,594.4,595.0,593.3,594.1,8169.959,2024-09-26 09:59:59.999,4853714.1586,15135,3595.01200000,2135694.68440000,0
2024-09-26 10:00:00,594.1,599.0,593.9,597.1,10720.477,2024-09-26 10:59:59.999,6396746.3173,20285,6779.57700000,4046000.29900000,0
2024-09-26 11:00:00,597.1,597.5,595.2,595.3,10494.867,2024-09-26 11:59:59.999,6256725.4293,20437,5539.87300000,3303137.43700000,0
2024-09-26 12:00:00,595.4,596.5,592.8,592.8,21832.208,2024-09-26 12:59:59.999,12976478.6403,55628,8456.72700000,5028283.98940000,0
2024-09-26 13:00:00,592.9,594.9,592.1,593.6,10325.507,2024-09-26 13:59:59.999,6125332.5272,35940,5165.59800000,3064877.81920000,0
2024-09-26 14:00:00,593.6,597.9,593.1,593.4,26250.873,2024-09-26 14:59:59.999,15634398.7245,57325,11569.90100000,6890987.68890000,0
2024-09-26 15:00:00,593.5,602.7,592.4,601.4,27850.113,2024-09-26 15:59:59.999,16692685.9621,49448,14938.67900000,8951147.79270000,0
2024-09-26 16:00:00,601.3,608.0,600.9,605.9,29200.88,2024-09-26 16:59:59.999,17671604.2599,42192,17227.03800000,10423719.18680000,0
2024-09-26 17:00:00,606.0,609.0,598.4,598.4,19365.652,2024-09-26 17:59:59.999,11717028.0671,37852,6978.43900000,4225895.34550000,0
2024-09-26 18:00:00,598.4,599.5,594.1,596.4,13314.682,2024-09-26 18:59:59.999,7946976.2981,31192,5587.67000000,3334822.44270000,0
2024-09-26 19:00:00,596.5,596.9,592.8,593.0,16925.196,2024-09-26 19:59:59.999,10070709.0014,22335,6838.94900000,4069583.41140000,0
2024-09-26 20:00:00,593.0,594.9,591.2,592.3,15227.257,2024-09-26 20:59:59.999,9030993.3722,28363,7260.73300000,4306098.00340000,0
2024-09-26 21:00:00,592.3,597.1,591.5,597.0,7607.215,2024-09-26 21:59:59.999,4524972.1715,17317,4206.63700000,2503148.39080000,0
2024-09-26 22:00:00,596.9,598.5,595.5,596.0,6120.912,2024-09-26 22:59:59.999,3653833.7073,17504,2693.68700000,1608409.60870000,0
2024-09-26 23:00:00,595.9,597.3,592.0,596.3,6277.275,2024-09-26 23:59:59.999,3732691.7473,19330,2969.54800000,1766374.97630000,0
2024-09-27 00:00:00,596.3,598.8,596.0,598.7,8700.274,2024-09-27 00:59:59.999,5197836.8996,23738,5028.36100000,3004297.55640000,0
2024-09-27 01:00:00,598.7,599.6,597.0,598.8,8578.091,2024-09-27 01:59:59.999,5131833.9811,19461,4887.80500000,2924220.39050000,0
2024-09-27 02:00:00,598.7,603.2,598.1,601.5,20261.283,2024-09-27 02:59:59.999,12170571.1937,33631,11713.63800000,7037238.10370000,0
2024-09-27 03:00:00,601.4,605.5,599.2,604.5,17463.789,2024-09-27 03:59:59.999,10525390.8861,30862,9683.64200000,5838163.55930000,0
2024-09-27 04:00:00,604.6,606.6,602.9,603.8,10633.371,2024-09-27 04:59:59.999,6429376.9128,22626,5226.90900000,3160870.24610000,0
2024-09-27 05:00:00,603.8,604.8,599.8,604.0,17001.452,2024-09-27 05:59:59.999,10240965.4904,32816,7643.50200000,4603659.67460000,0
2024-09-27 06:00:00,604.0,606.5,603.4,605.7,15340.268,2024-09-27 06:59:59.999,9278666.2977,25571,9301.36700000,5626208.50730000,0
2024-09-27 07:00:00,605.7,606.6,603.5,604.0,10032.537,2024-09-27 07:59:59.999,6069956.8476,16345,4883.37000000,2954459.33780000,0
2024-09-27 08:00:00,603.9,608.4,603.7,606.4,10285.251,2024-09-27 08:59:59.999,6239777.2209,19950,6474.22200000,3928285.23160000,0
2024-09-27 09:00:00,606.4,608.8,606.0,606.1,17231.294,2024-09-27 09:59:59.999,10465813.4476,25271,7655.83900000,4650357.45360000,0
2024-09-27 10:00:00,606.2,606.4,602.2,603.6,12366.14,2024-09-27 10:59:59.999,7466444.4585,25295,5194.25800000,3135912.15400000,0
2024-09-27 11:00:00,603.7,608.5,603.7,608.5,12045.883,2024-09-27 11:59:59.999,7295792.343,21335,6838.81800000,4143926.26460000,0
2024-09-27 12:00:00,608.4,614.7,607.8,609.0,42536.844,2024-09-27 12:59:59.999,26008327.8636,76383,21918.98500000,13401859.71560000,0
2024-09-27 13:00:00,609.0,610.6,606.0,608.0,24203.609,2024-09-27 13:59:59.999,14724273.7113,43391,12787.99200000,7780367.71020000,0
2024-09-27 14:00:00,608.0,613.3,607.0,609.6,28805.833,2024-09-27 14:59:59.999,17604490.1705,42996,15332.98100000,9370801.08820000,0
2024-09-27 15:00:00,609.7,612.4,608.6,608.9,13124.178,2024-09-27 15:59:59.999,8012063.9376,26495,6496.05700000,3966702.51640000,0
2024-09-27 16:00:00,609.0,612.9,607.0,611.6,16689.985,2024-09-27 16:59:59.999,10181065.3704,29913,8655.59500000,5280506.79410000,0
2024-09-27 17:00:00,611.6,612.9,607.5,610.0,15515.413,2024-09-27 17:59:59.999,9454596.3628,29119,7721.39500000,4706007.57090000,0
2024-09-27 18:00:00,610.1,610.5,607.6,608.3,14066.726,2024-09-27 18:59:59.999,8561301.6408,17802,5419.63600000,3298746.60200000,0
2024-09-27 19:00:00,608.3,609.6,605.0,605.5,9637.761,2024-09-27 19:59:59.999,5846398.8815,19361,4626.11600000,2806298.38830000,0
2024-09-27 20:00:00,605.5,610.6,604.1,609.5,12512.909,2024-09-27 20:59:59.999,7600653.8516,22806,7002.45900000,4254796.08140000,0
2024-09-27 21:00:00,609.4,611.4,606.7,607.6,9093.224,2024-09-27 21:59:59.999,5538057.0828,14376,4259.85300000,2595813.78440000,0
2024-09-27 22:00:00,607.6,609.5,606.5,608.9,4457.26,2024-09-27 22:59:59.999,2710866.1061,9785,2611.62200000,1588519.65630000,0
2024-09-27 23:00:00,609.0,610.8,606.5,606.8,6318.265,2024-09-27 23:59:59.999,3846132.4111,10451,2550.69700000,1553778.34500000,0
2024-09-28 00:00:00,606.9,608.5,605.9,607.5,6805.424,2024-09-28 00:59:59.999,4132315.3351,12472,2972.79900000,1805584.41300000,0
2024-09-28 01:00:00,607.6,610.2,606.8,609.3,8920.707,2024-09-28 01:59:59.999,5430061.7284,11484,3580.50400000,2178904.30040000,0
2024-09-28 02:00:00,609.4,616.9,605.0,615.3,40316.317,2024-09-28 02:59:59.999,24628248.5884,44325,22850.79900000,13976389.10470000,0
2024-09-28 03:00:00,615.3,618.6,611.1,612.2,44007.241,2024-09-28 03:59:59.999,27099581.3465,70231,22858.30500000,14079338.91680000,0
2024-09-28 04:00:00,612.2,612.6,610.6,610.7,6034.506,2024-09-28 04:59:59.999,3691429.6374,13738,3048.03500000,1864859.35460000,0
2024-09-28 05:00:00,610.7,611.5,605.3,605.7,12092.331,2024-09-28 05:59:59.999,7354921.3185,22087,4041.27200000,2457658.62890000,0
2024-09-28 06:00:00,605.7,605.7,600.0,601.9,21851.486,2024-09-28 06:59:59.999,13167642.6354,33276,8514.70800000,5129765.39050000,0
2024-09-28 07:00:00,601.8,604.6,601.5,602.4,8410.33,2024-09-28 07:59:59.999,5070369.8603,18036,4482.18300000,2702895.22670000,0
2024-09-28 08:00:00,602.4,602.6,598.4,599.0,15670.072,2024-09-28 08:59:59.999,9400098.4359,27585,6397.02300000,3837361.77440000,0
2024-09-28 09:00:00,599.0,600.9,594.5,600.9,15686.822,2024-09-28 09:59:59.999,9374598.819,32037,7519.39000000,4495388.36550000,0
2024-09-28 10:00:00,600.8,602.3,598.4,602.3,8094.764,2024-09-28 10:59:59.999,4858392.2218,19871,3965.05900000,2380132.63390000,0
2024-09-28 11:00:00,602.3,602.9,600.4,602.2,6038.561,2024-09-28 11:59:59.999,3633444.6954,15056,3394.31000000,2042591.77410000,0
2024-09-28 12:00:00,602.2,602.3,599.0,599.6,8894.578,2024-09-28 12:59:59.999,5338918.5093,17503,3714.30100000,2229601.84450000,0
2024-09-28 13:00:00,599.5,601.3,597.2,600.7,10163.925,2024-09-28 13:59:59.999,6092135.9187,18955,5119.62000000,3069756.01540000,0
2024-09-28 14:00:00,600.7,603.2,600.6,602.6,8654.303,2024-09-28 14:59:59.999,5212667.6041,18399,5103.35200000,3073738.35480000,0
2024-09-28 15:00:00,602.5,603.0,600.9,601.0,6968.292,2024-09-28 15:59:59.999,4195720.6531,12940,2938.86000000,1769871.30890000,0
2024-09-28 16:00:00,600.9,601.9,599.6,599.7,5209.614,2024-09-28 16:59:59.999,3128819.758,15235,2153.46600000,1293321.26930000,0
2024-09-28 17:00:00,599.7,601.7,599.6,600.3,6153.359,2024-09-28 17:59:59.999,3694921.1709,11700,2954.96200000,1774462.52140000,0
2024-09-28 18:00:00,600.4,601.9,600.2,600.2,2702.709,2024-09-28 18:59:59.999,1624967.7857,8180,1472.90100000,885729.85350000,0
2024-09-28 19:00:00,600.3,601.3,599.1,600.2,5423.313,2024-09-28 19:59:59.999,3255836.0974,9476,2491.54000000,1495782.67660000,0
2024-09-28 20:00:00,600.2,600.8,599.1,599.1,2410.507,2024-09-28 20:59:59.999,1446550.967,7113,1076.14100000,645892.74030000,0
2024-09-28 21:00:00,599.2,599.6,595.8,599.6,5086.302,2024-09-28 21:59:59.999,3040882.5146,13605,2278.60100000,1362812.54670000,0
2024-09-28 22:00:00,599.6,601.0,598.5,600.6,2530.654,2024-09-28 22:59:59.999,1518485.0154,7214,1199.74300000,720100.09290000,0
2024-09-28 23:00:00,600.6,601.9,599.3,601.1,4467.264,2024-09-28 23:59:59.999,2683254.8449,8524,2411.05600000,1448116.61530000,0
2024-09-29 00:00:00,601.1,602.8,598.5,598.8,5556.035,2024-09-29 00:59:59.999,3338826.5263,12073,3115.17900000,1872741.50650000,0
2024-09-29 01:00:00,598.7,600.8,598.7,600.8,4013.948,2024-09-29 01:59:59.999,2406906.0989,11945,2291.56400000,1374253.49700000,0
2024-09-29 02:00:00,600.7,601.9,599.9,600.1,5260.603,2024-09-29 02:59:59.999,3161407.5692,10249,2889.02100000,1736322.03230000,0
2024-09-29 03:00:00,600.2,600.6,598.6,600.4,3565.329,2024-09-29 03:59:59.999,2138541.1714,7645,1445.29700000,866838.82850000,0
2024-09-29 04:00:00,600.4,600.4,597.3,598.2,7598.964,2024-09-29 04:59:59.999,4547000.7386,12926,2314.35700000,1384496.61770000,0
2024-09-29 05:00:00,598.1,599.4,596.8,597.8,5605.704,2024-09-29 05:59:59.999,3351949.8753,11217,3287.79000000,1966555.25410000,0
2024-09-29 06:00:00,597.8,598.2,595.3,595.8,6580.897,2024-09-29 06:59:59.999,3926649.2387,13305,2677.31200000,1597980.21010000,0
2024-09-29 07:00:00,595.8,597.3,593.1,593.4,7297.205,2024-09-29 07:59:59.999,4342663.102,16604,2977.74100000,1772340.45010000,0
2024-09-29 08:00:00,593.5,595.7,592.4,595.0,13991.902,2024-09-29 08:59:59.999,8320754.0801,16917,7603.92100000,4522105.29790000,0
2024-09-29 09:00:00,595.0,597.4,593.9,594.5,10020.547,2024-09-29 09:59:59.999,5968539.7198,12389,5293.67000000,3152107.87460000,0
2024-09-29 10:00:00,594.4,596.3,594.1,595.9,5342.936,2024-09-29 10:59:59.999,3180637.6607,11541,3150.83700000,1875924.93290000,0
2024-09-29 11:00:00,596.0,598.3,595.7,597.3,3847.23,2024-09-29 11:59:59.999,2297853.5419,11429,2287.40000000,1366023.50090000,0
2024-09-29 12:00:00,597.4,598.3,595.0,595.3,4978.701,2024-09-29 12:59:59.999,2972486.94,14566,2245.33200000,1340591.96900000,0
2024-09-29 13:00:00,595.2,598.4,593.6,598.1,11346.601,2024-09-29 13:59:59.999,6768066.6236,21829,7338.60100000,4377806.69540000,0
2024-09-29 14:00:00,598.1,598.4,595.8,597.2,6940.895,2024-09-29 14:59:59.999,4145182.1615,17849,3536.35600000,2112279.76280000,0
2024-09-29 15:00:00,597.2,598.0,595.8,596.9,8661.276,2024-09-29 15:59:59.999,5168987.3706,16861,3462.60200000,2066515.35690000,0
2024-09-29 16:00:00,597.0,598.3,595.9,597.7,4897.646,2024-09-29 16:59:59.999,2925412.7591,14508,2780.68900000,1660999.63200000,0
2024-09-29 17:00:00,597.6,599.3,597.5,598.1,7144.675,2024-09-29 17:59:59.999,4276326.6839,15218,3050.08700000,1825705.00830000,0
2024-09-29 18:00:00,598.1,598.8,596.9,598.2,5931.799,2024-09-29 18:59:59.999,3546709.5754,11526,3549.27100000,2121785.61220000,0
2024-09-29 19:00:00,598.2,599.7,597.8,599.6,4641.814,2024-09-29 19:59:59.999,2778582.9245,9496,2189.96800000,1311131.23490000,0
2024-09-29 20:00:00,599.6,600.8,598.1,599.2,9125.19,2024-09-29 20:59:59.999,5469759.7627,17238,5175.38000000,3102089.25980000,0
2024-09-29 21:00:00,599.3,601.0,598.9,600.2,5182.8,2024-09-29 21:59:59.999,3110120.2296,9890,3170.02500000,1902499.82560000,0
2024-09-29 22:00:00,600.3,601.0,596.8,597.2,6488.875,2024-09-29 22:59:59.999,3886559.1212,14896,2895.44100000,1734962.65260000,0
2024-09-29 23:00:00,597.3,597.6,594.8,595.6,6081.512,2024-09-29 23:59:59.999,3623267.5884,16196,1728.27900000,1029879.18430000,0
2024-09-30 00:00:00,595.6,595.8,583.0,587.1,36873.521,2024-09-30 00:59:59.999,21674187.0118,52779,18428.41600000,10821658.91120000,0
2024-09-30 01:00:00,587.2,588.0,581.2,581.9,24274.567,2024-09-30 01:59:59.999,14185286.6415,33323,13607.81100000,7955558.52040000,0
2024-09-30 02:00:00,581.8,582.7,575.2,575.5,34617.836,2024-09-30 02:59:59.999,20013356.8497,42731,15623.53100000,9031499.32850000,0
2024-09-30 03:00:00,575.5,579.6,572.2,578.0,20057.034,2024-09-30 03:59:59.999,11562514.2294,32849,9340.19900000,5386421.13270000,0
2024-09-30 04:00:00,578.0,578.0,575.1,577.3,7555.126,2024-09-30 04:59:59.999,4357824.4571,15333,3741.22100000,2158464.48300000,0
2024-09-30 05:00:00,577.3,581.2,576.1,581.2,13398.845,2024-09-30 05:59:59.999,7755197.0155,18914,8958.96400000,5187339.08620000,0
2024-09-30 06:00:00,581.1,583.2,580.6,580.7,10814.473,2024-09-30 06:59:59.999,6295653.2752,20098,6303.96300000,3670808.49990000,0
2024-09-30 07:00:00,580.7,583.4,580.6,582.2,6026.503,2024-09-30 07:59:59.999,3509181.7046,16832,3717.06700000,2164460.18790000,0
2024-09-30 08:00:00,582.3,582.3,578.8,580.5,10450.727,2024-09-30 08:59:59.999,6067304.6606,21532,5403.03300000,3137113.93620000,0
2024-09-30 09:00:00,580.5,580.5,574.1,574.2,12910.914,2024-09-30 09:59:59.999,7452795.2241,39161,5616.27100000,3242457.87760000,0
2024-09-30 10:00:00,574.1,575.9,570.5,572.2,19429.409,2024-09-30 10:59:59.999,11122704.9968,52079,8543.84600000,4890020.58370000,0
2024-09-30 11:00:00,572.2,575.3,571.4,574.8,10363.456,2024-09-30 11:59:59.999,5944386.3425,26401,5991.71900000,3436913.43530000,0
2024-09-30 12:00:00,574.7,576.9,574.0,576.7,8159.508,2024-09-30 12:59:59.999,4694233.4386,21983,5272.15200000,3033680.17490000,0
2024-09-30 13:00:00,576.7,578.5,576.0,577.5,8821.094,2024-09-30 13:59:59.999,5093160.7807,28831,4830.19100000,2789383.30670000,0
2024-09-30 14:00:00,577.6,578.0,573.4,576.6,13594.554,2024-09-30 14:59:59.999,7827752.7021,40282,7113.66900000,4097455.23920000,0
2024-09-30 15:00:00,576.7,577.0,571.1,571.2,10733.375,2024-09-30 15:59:59.999,6166330.431,32464,4843.22400000,2783247.26070000,0
2024-09-30 16:00:00,571.2,574.2,569.4,570.9,18620.476,2024-09-30 16:59:59.999,10642240.4739,35577,6889.21500000,3939479.44140000,0
2024-09-30 17:00:00,571.0,573.2,569.9,573.1,6805.165,2024-09-30 17:59:59.999,3887456.4019,23598,4006.82700000,2289016.65880000,0
2024-09-30 18:00:00,573.1,573.4,568.0,571.3,11424.894,2024-09-30 18:59:59.999,6513201.1653,36362,5349.64500000,3050853.68530000,0
2024-09-30 19:00:00,571.2,573.4,570.8,572.6,6291.976,2024-09-30 19:59:59.999,3597927.8002,21260,2970.21800000,1698735.52440000,0
2024-09-30 20:00:00,572.7,575.4,572.5,574.9,5299.842,2024-09-30 20:59:59.999,3043989.4383,17493,2543.64700000,1460843.31970000,0
2024-09-30 21:00:00,574.9,575.0,572.9,573.4,4183.713,2024-09-30 21:59:59.999,2401901.2755,9443,2256.34200000,1295571.76660000,0
2024-09-30 22:00:00,573.4,574.1,570.3,570.3,6253.803,2024-09-30 22:59:59.999,3578812.6677,19449,2502.95100000,1432558.51590000,0
2024-09-30 23:00:00,570.3,572.1,563.5,567.4,17125.926,2024-09-30 23:59:59.999,9710892.1292,45561,7835.19900000,4441901.51230000,0
2024-10-01 00:00:00,567.4,572.9,565.2,571.9,10825.716,2024-10-01 00:59:59.999,6156097.7431,36031,5444.12100000,3097485.18890000,0
2024-10-01 01:00:00,571.9,574.0,571.2,573.5,7274.612,2024-10-01 01:59:59.999,4168030.2689,19702,4457.43800000,2554421.41670000,0
2024-10-01 02:00:00,573.6,573.6,570.8,573.6,7648.593,2024-10-01 02:59:59.999,4376864.8958,14604,3925.79800000,2246684.86830000,0
2024-10-01 03:00:00,573.6,577.0,573.1,576.9,8135.707,2024-10-01 03:59:59.999,4682621.0051,16768,5248.35000000,3021390.56500000,0
2024-10-01 04:00:00,576.9,581.6,576.2,581.4,12378.143,2024-10-01 04:59:59.999,7173252.4593,25564,7767.43300000,4501131.61780000,0
2024-10-01 05:00:00,581.5,581.7,578.5,580.0,6990.38,2024-10-01 05:59:59.999,4053200.7574,17102,3673.95100000,2130227.38770000,0
2024-10-01 06:00:00,580.0,583.1,580.0,582.1,14711.152,2024-10-01 06:59:59.999,8558058.2273,23138,8040.31500000,4677532.16220000,0
2024-10-01 07:00:00,582.1,582.5,580.1,581.1,8451.037,2024-10-01 07:59:59.999,4914007.2584,18212,5065.34700000,2945283.33690000,0
2024-10-01 08:00:00,581.2,581.5,579.1,580.3,5208.484,2024-10-01 08:59:59.999,3024252.5384,15543,2388.33200000,1386923.20600000,0
2024-10-01 09:00:00,580.3,581.3,578.2,578.3,7123.938,2024-10-01 09:59:59.999,4133023.856,14350,2541.74100000,1474898.06720000,0
2024-10-01 10:00:00,578.3,579.8,577.6,579.3,5318.352,2024-10-01 10:59:59.999,3077564.4129,14031,2459.23300000,1423183.28650000,0
2024-10-01 11:00:00,579.4,579.9,577.3,577.4,4657.117,2024-10-01 11:59:59.999,2694026.4521,11478,2332.56200000,1349344.04160000,0
2024-10-01 12:00:00,577.4,579.0,576.5,577.6,5780.799,2024-10-01 12:59:59.999,3339819.7559,16709,3423.06100000,1977714.14420000,0
2024-10-01 13:00:00,577.6,577.8,565.5,568.6,29909.521,2024-10-01 13:59:59.999,17037371.2946,72372,13512.29800000,7696198.01600000,0
2024-10-01 14:00:00,568.6,570.8,560.8,561.5,37066.201,2024-10-01 14:59:59.999,20960876.3402,96392,18107.11900000,10242368.62800000,0
2024-10-01 15:00:00,561.6,565.6,547.9,561.5,75714.645,2024-10-01 15:59:59.999,42117651.8018,138006,35379.23900000,19702284.08040000,0
2024-10-01 16:00:00,561.5,562.6,551.7,556.5,28709.852,2024-10-01 16:59:59.999,15994484.6699,73235,12902.23900000,7186321.44830000,0
2024-10-01 17:00:00,556.6,556.6,538.7,551.9,81976.576,2024-10-01 17:59:59.999,44835938.64,142643,34395.13000000,18825754.68480000,0
2024-10-01 18:00:00,552.0,556.9,549.1,551.0,20234.27,2024-10-01 18:59:59.999,11188298.1241,50404,9391.48700000,5195985.82480000,0
2024-10-01 19:00:00,551.1,552.3,547.1,548.8,11514.154,2024-10-01 19:59:59.999,6332798.9083,39675,5778.92900000,3178591.51700000,0
2024-10-01 20:00:00,548.8,549.1,536.8,543.6,41652.093,2024-10-01 20:59:59.999,22606025.6488,78406,17526.57000000,9514858.20250000,0
2024-10-01 21:00:00,543.6,550.0,541.8,549.9,18166.242,2024-10-01 21:59:59.999,9906914.5036,35039,10002.05500000,5456805.55470000,0
2024-10-01 22:00:00,549.8,549.9,545.4,547.7,15595.217,2024-10-01 22:59:59.999,8542630.5841,28208,7546.34400000,4133753.77360000,0
2024-10-01 23:00:00,547.7,550.0,546.6,547.3,11330.144,2024-10-01 23:59:59.999,6211182.1172,26501,5214.43600000,2858881.90540000,0
2024-10-02 00:00:00,547.2,552.1,545.5,549.5,12113.966,2024-10-02 00:59:59.999,6651447.9919,25962,6726.33900000,3695002.35370000,0
2024-10-02 01:00:00,549.6,553.9,549.1,553.9,9449.969,2024-10-02 01:59:59.999,5219807.1554,18821,5932.14100000,3277092.17730000,0
2024-10-02 02:00:00,553.9,555.4,553.0,554.6,11271.634,2024-10-02 02:59:59.999,6247127.5167,14117,7663.07700000,4247309.30880000,0
2024-10-02 03:00:00,554.5,555.6,553.2,554.5,7685.794,2024-10-02 03:59:59.999,4261506.8872,13525,4360.20900000,2417804.79430000,0
2024-10-02 04:00:00,554.6,555.0,552.1,553.6,6702.24,2024-10-02 04:59:59.999,3708836.8847,14708,4084.21200000,2260751.30040000,0
2024-10-02 05:00:00,553.6,555.1,551.7,552.9,5956.512,2024-10-02 05:59:59.999,3297274.8843,10927,2406.50700000,1331771.96710000,0
2024-10-02 06:00:00,552.9,557.2,551.6,556.1,10305.987,2024-10-02 06:59:59.999,5722071.8226,16463,6737.77100000,3740129.17570000,0
2024-10-02 07:00:00,556.0,558.3,555.0,556.3,7661.925,2024-10-02 07:59:59.999,4264940.9496,16384,4520.17200000,2516239.47120000,0
2024-10-02 08:00:00,556.3,557.9,555.2,555.3,8108.32,2024-10-02 08:59:59.999,4513618.757,13308,3321.71800000,1848817.68360000,0
2024-10-02 09:00:00,555.2,555.6,548.2,549.2,9388.48,2024-10-02 09:59:59.999,5177020.341,21001,3655.60100000,2016817.55670000,0
2024-10-02 10:00:00,549.2,551.9,546.7,546.8,10680.291,2024-10-02 10:59:59.999,5862662.0671,24102,6106.40500000,3352359.79570000,0
2024-10-02 11:00:00,546.8,548.8,544.5,546.8,9183.923,2024-10-02 11:59:59.999,5020241.3344,25057,4389.50600000,2400223.06890000,0
2024-10-02 12:00:00,546.9,547.2,541.3,542.3,12523.149,2024-10-02 12:59:59.999,6820274.3331,31197,5115.39400000,2786331.60110000,0
2024-10-02 13:00:00,542.3,546.6,537.1,545.6,35720.675,2024-10-02 13:59:59.999,19302389.1185,47079,16746.23300000,9051398.23180000,0
2024-10-02 14:00:00,545.5,548.3,542.7,544.7,14114.323,2024-10-02 14:59:59.999,7702738.718,34712,7113.03200000,3883297.93920000,0
2024-10-02 15:00:00,544.8,549.7,544.3,549.4,11223.338,2024-10-02 15:59:59.999,6152248.9222,23366,6445.79200000,3533990.82360000,0
2024-10-02 16:00:00,549.5,553.2,548.0,548.0,13006.011,2024-10-02 16:59:59.999,7168270.541,27883,6361.08700000,3506164.40720000,0
2024-10-02 17:00:00,548.1,549.2,545.1,547.5,6884.626,2024-10-02 17:59:59.999,3767651.5942,21517,3283.12900000,1796923.52260000,0
2024-10-02 18:00:00,547.5,547.7,538.3,538.4,19285.014,2024-10-02 18:59:59.999,10453824.1033,39055,5420.42200000,2940051.48590000,0
2024-10-02 19:00:00,538.4,540.7,535.4,539.3,28751.51,2024-10-02 19:59:59.999,15461514.5207,52438,11979.74200000,6446286.07270000,0
2024-10-02 20:00:00,539.3,545.8,538.0,543.9,12626.893,2024-10-02 20:59:59.999,6835722.1194,31100,5996.65100000,3248033.07560000,0
2024-10-02 21:00:00,544.0,544.8,541.8,543.4,6244.553,2024-10-02 21:59:59.999,3392781.3622,14124,3066.73200000,1666108.05240000,0
2024-10-02 22:00:00,543.4,545.2,539.7,545.1,8242.192,2024-10-02 22:59:59.999,4473924.9576,18239,4037.50100000,2192114.52050000,0
2024-10-02 23:00:00,545.1,545.4,542.0,542.5,5062.338,2024-10-02 23:59:59.999,2751698.174,11991,2566.52900000,1395245.30390000,0
2024-10-03 00:00:00,542.5,545.9,541.0,545.1,9504.698,2024-10-03 00:59:59.999,5167307.2068,30918,4972.57200000,2703717.54860000,0
2024-10-03 01:00:00,545.0,548.6,544.9,546.8,8670.505,2024-10-03 01:59:59.999,4744345.5948,24484,4831.19800000,2643821.81940000,0
2024-10-03 02:00:00,546.8,549.7,546.5,547.7,5584.468,2024-10-03 02:59:59.999,3061047.0175,15837,2799.86100000,1535134.46420000,0
2024-10-03 03:00:00,547.6,549.9,546.3,549.9,5766.068,2024-10-03 03:59:59.999,3159549.5758,14909,3192.15500000,1749559.34650000,0
2024-10-03 04:00:00,549.9,550.8,548.7,549.3,4459.879,2024-10-03 04:59:59.999,2451447.5513,13743,2816.37900000,1548387.98640000,0
2024-10-03 05:00:00,549.2,550.4,547.5,548.8,6012.244,2024-10-03 05:59:59.999,3301562.2848,14094,2658.47400000,1459847.95450000,0
2024-10-03 06:00:00,548.8,550.0,547.8,549.3,3316.981,2024-10-03 06:59:59.999,1821582.7416,10408,1837.78800000,1009397.60460000,0
2024-10-03 07:00:00,549.2,550.1,543.8,545.3,8741.588,2024-10-03 07:59:59.999,4781645.6967,20276,4045.93100000,2214681.64720000,0
2024-10-03 08:00:00,545.2,545.7,538.5,540.8,22131.88,2024-10-03 08:59:59.999,11984244.4379,52077,9360.35500000,5068732.44800000,0
2024-10-03 09:00:00,540.8,543.6,536.0,543.1,18264.069,2024-10-03 09:59:59.999,9864499.8945,50427,8422.95200000,4551484.84300000,0
2024-10-03 10:00:00,543.1,543.8,540.2,542.2,9350.565,2024-10-03 10:59:59.999,5063444.6992,30761,4136.82000000,2240355.19360000,0
2024-10-03 11:00:00,542.2,543.3,537.7,538.4,11034.697,2024-10-03 11:59:59.999,5955408.4357,29310,4655.71900000,2512697.01370000,0
2024-10-03 12:00:00,538.3,540.6,534.3,539.7,16516.126,2024-10-03 12:59:59.999,8877531.8651,35208,8287.90800000,4457635.02970000,0
2024-10-03 13:00:00,539.8,542.7,535.0,541.5,15266.537,2024-10-03 13:59:59.999,8236396.4106,43635,8084.05700000,4363187.75490000,0
2024-10-03 14:00:00,541.6,545.8,537.2,537.3,13703.366,2024-10-03 14:59:59.999,7418579.1047,45814,6698.22300000,3629134.15740000,0
2024-10-03 15:00:00,537.4,541.7,535.4,541.4,14411.663,2024-10-03 15:59:59.999,7752156.8972,42087,6415.94400000,3452826.93980000,0
2024-10-03 16:00:00,541.4,542.6,537.2,539.4,12285.689,2024-10-03 16:59:59.999,6632692.8184,31688,5996.75200000,3237892.93580000,0
2024-10-03 17:00:00,539.3,543.7,537.7,542.4,8229.622,2024-10-03 17:59:59.999,4454176.7247,22213,4410.98300000,2387002.03290000,0
2024-10-03 18:00:00,542.4,545.0,541.9,544.4,6634.157,2024-10-03 18:59:59.999,3606303.6073,14966,4023.57800000,2187411.18960000,0
2024-10-03 19:00:00,544.4,546.0,543.2,545.8,4341.747,2024-10-03 19:59:59.999,2365129.7348,14645,2612.39100000,1423284.45330000,0
2024-10-03 20:00:00,545.8,546.6,542.6,542.9,5461.66,2024-10-03 20:59:59.999,2975825.6046,14774,3106.79400000,1693372.62730000,0
2024-10-03 21:00:00,543.0,544.8,541.3,544.6,4973.673,2024-10-03 21:59:59.999,2704162.9186,10968,2499.01400000,1358847.92090000,0
2024-10-03 22:00:00,544.6,545.9,542.8,544.9,2849.806,2024-10-03 22:59:59.999,1551401.7828,12815,1396.06200000,760108.22150000,0
2024-10-03 23:00:00,544.9,545.9,543.6,544.8,3190.654,2024-10-03 23:59:59.999,1737913.143,13516,1457.23500000,794011.59660000,0
2024-10-04 00:00:00,544.8,546.4,541.8,542.7,7046.698,2024-10-04 00:59:59.999,3833446.887,27779,3130.24000000,1703709.12510000,0
2024-10-04 01:00:00,542.8,549.4,542.7,549.0,8140.736,2024-10-04 01:59:59.999,4456202.4709,29841,5174.51900000,2832532.40920000,0
2024-10-04 02:00:00,549.1,549.6,546.2,546.3,4275.903,2024-10-04 02:59:59.999,2342605.2957,16792,1502.14700000,823059.49300000,0
2024-10-04 03:00:00,546.3,547.0,545.5,546.8,3089.177,2024-10-04 03:59:59.999,1687372.9623,13627,1427.60600000,779839.91230000,0
2024-10-04 04:00:00,546.7,549.6,546.5,547.7,5832.754,2024-10-04 04:59:59.999,3198269.9161,13610,3198.65500000,1754012.35480000,0
2024-10-04 05:00:00,547.6,549.6,547.3,549.5,5722.27,2024-10-04 05:59:59.999,3139702.8899,12677,3336.61600000,1831009.94030000,0
2024-10-04 06:00:00,549.6,550.4,547.8,547.9,5647.848,2024-10-04 06:59:59.999,3102922.9262,12930,3175.64600000,1745083.24960000,0
2024-10-04 07:00:00,547.9,550.7,547.2,550.6,5428.769,2024-10-04 07:59:59.999,2982647.3813,13102,3453.24500000,1898069.99560000,0
2024-10-04 08:00:00,550.6,554.5,550.5,552.0,13045.768,2024-10-04 08:59:59.999,7209643.3961,23208,7209.38000000,3983208.01400000,0
2024-10-04 09:00:00,552.0,553.4,550.7,551.0,6267.656,2024-10-04 09:59:59.999,3459606.2117,16126,2443.58500000,1349073.31550000,0
2024-10-04 10:00:00,550.9,552.7,550.7,552.3,6113.748,2024-10-04 10:59:59.999,3374424.0646,16782,3883.82900000,2144046.93270000,0
2024-10-04 11:00:00,552.4,553.5,552.1,553.4,3936.434,2024-10-04 11:59:59.999,2175993.0006,14073,2214.44000000,1224125.96270000,0
2024-10-04 12:00:00,553.3,556.1,551.1,556.1,20268.22,2024-10-04 12:59:59.999,11219554.3672,41665,11735.62200000,6499706.05720000,0
2024-10-04 13:00:00,556.0,556.9,550.8,551.5,14421.61,2024-10-04 13:59:59.999,7991464.2617,34482,8173.94200000,4531778.56440000,0
2024-10-04 14:00:00,551.6,551.7,545.3,548.2,12980.028,2024-10-04 14:59:59.999,7115402.045,42550,6292.81100000,3449385.90660000,0
2024-10-04 15:00:00,548.3,553.7,548.2,553.7,16336.77,2024-10-04 15:59:59.999,9005446.2094,30280,10283.70600000,5668604.51620000,0
2024-10-04 16:00:00,553.7,557.3,552.2,556.2,17486.922,2024-10-04 16:59:59.999,9708118.0018,32213,10877.20200000,6039127.18350000,0
2024-10-04 17:00:00,556.2,556.7,553.0,553.3,6457.111,2024-10-04 17:59:59.999,3582213.9776,18893,3189.60500000,1769770.03990000,0
2024-10-04 18:00:00,553.2,556.8,552.4,556.8,4941.234,2024-10-04 18:59:59.999,2740262.0094,15250,2809.38500000,1558906.36690000,0
2024-10-04 19:00:00,556.8,557.7,556.0,557.3,4996.413,2024-10-04 19:59:59.999,2781763.2777,14710,3167.95400000,1763718.12340000,0
2024-10-04 20:00:00,557.3,557.8,555.5,556.7,3207.738,2024-10-04 20:59:59.999,1785702.388,10127,1503.47600000,837144.73590000,0
2024-10-04 21:00:00,556.6,557.0,555.6,555.7,1795.696,2024-10-04 21:59:59.999,998982.6337,7553,805.31700000,448044.06300000,0
2024-10-04 22:00:00,555.6,556.6,555.3,556.1,3958.694,2024-10-04 22:59:59.999,2200403.9974,13830,2251.16300000,1251317.26550000,0
2024-10-04 23:00:00,556.1,556.3,554.7,555.3,4771.431,2024-10-04 23:59:59.999,2649555.3108,12423,1719.01800000,954705.41960000,0
2024-10-05 00:00:00,555.3,557.6,555.2,557.6,3420.478,2024-10-05 00:59:59.999,1903528.9261,13502,2163.85700000,1204297.02470000,0
2024-10-05 01:00:00,557.5,558.0,555.6,556.6,5062.872,2024-10-05 01:59:59.999,2819092.6863,12646,2239.35900000,1247068.08590000,0
2024-10-05 02:00:00,556.6,556.7,552.8,553.1,4387.166,2024-10-05 02:59:59.999,2434492.979,11392,1762.62800000,978683.57390000,0
2024-10-05 03:00:00,553.1,554.3,551.6,553.6,5639.329,2024-10-05 03:59:59.999,3119647.3916,13448,2296.00000000,1270497.18750000,0
2024-10-05 04:00:00,553.6,557.0,553.5,556.1,3809.649,2024-10-05 04:59:59.999,2115991.6309,11777,2255.71800000,1252731.64000000,0
2024-10-05 05:00:00,556.0,558.7,556.0,558.4,3167.345,2024-10-05 05:59:59.999,1766192.6098,11272,1915.36400000,1068010.89850000,0
2024-10-05 06:00:00,558.5,561.3,557.6,561.3,6982.068,2024-10-05 06:59:59.999,3901814.3578,14234,3860.65100000,2158517.07510000,0
2024-10-05 07:00:00,561.3,565.0,560.1,561.9,18994.288,2024-10-05 07:59:59.999,10690619.5814,26430,7832.34800000,4406428.37640000,0
2024-10-05 08:00:00,561.9,564.7,561.8,564.4,5800.052,2024-10-05 08:59:59.999,3268778.0134,12772,2722.21500000,1533828.23130000,0
2024-10-05 09:00:00,564.4,565.2,562.8,562.8,6079.198,2024-10-05 09:59:59.999,3429009.6389,14054,2706.11300000,1526718.34560000,0
2024-10-05 10:00:00,562.8,564.5,561.7,561.7,4921.41,2024-10-05 10:59:59.999,2772757.9293,10994,2701.86600000,1522847.62850000,0
2024-10-05 11:00:00,561.7,562.7,561.0,561.4,3117.978,2024-10-05 11:59:59.999,1751276.9178,9402,1429.99300000,803323.78330000,0
2024-10-05 12:00:00,561.4,563.2,561.4,563.2,3468.408,2024-10-05 12:59:59.999,1949931.8562,10430,2141.86600000,1204214.36990000,0
2024-10-05 13:00:00,563.2,563.3,560.3,560.8,4541.97,2024-10-05 13:59:59.999,2551114.9497,15869,2034.23800000,1142625.93050000,0
2024-10-05 14:00:00,560.8,563.1,560.4,562.1,4603.002,2024-10-05 14:59:59.999,2584853.9917,17747,2462.19100000,1382640.68310000,0
2024-10-05 15:00:00,562.2,564.8,561.1,564.2,6506.236,2024-10-05 15:59:59.999,3662222.8106,15813,4156.66100000,2340111.61480000,0
2024-10-05 16:00:00,564.1,564.8,561.1,561.7,5641.123,2024-10-05 16:59:59.999,3173962.5793,19640,2363.61500000,1329887.05700000,0
2024-10-05 17:00:00,561.7,564.5,561.4,563.4,4309.157,2024-10-05 17:59:59.999,2425510.8908,15066,2433.24500000,1369990.23900000,0
2024-10-05 18:00:00,563.4,563.9,561.5,561.8,4102.141,2024-10-05 18:59:59.999,2307709.1226,12177,1892.56800000,1064965.43830000,0
2024-10-05 19:00:00,561.8,562.7,559.3,560.6,6568.893,2024-10-05 19:59:59.999,3684891.5911,14417,2578.59700000,1446654.95510000,0
2024-10-05 20:00:00,560.6,560.9,558.1,558.7,3913.844,2024-10-05 20:59:59.999,2189896.4468,14537,1828.56200000,1023313.19820000,0
2024-10-05 21:00:00,558.6,562.2,557.9,561.3,2361.408,2024-10-05 21:59:59.999,1322717.2666,10696,1376.92800000,771453.03070000,0
2024-10-05 22:00:00,561.2,564.0,561.1,563.9,3010.578,2024-10-05 22:59:59.999,1693236.5574,11119,1520.70600000,855716.29040000,0
2024-10-05 23:00:00,564.0,564.0,562.3,563.0,4497.789,2024-10-05 23:59:59.999,2531682.694,8820,2085.97700000,1174068.34440000,0
2024-10-06 00:00:00,563.0,563.6,561.4,562.5,3353.385,2024-10-06 00:59:59.999,1886143.2417,10509,2034.35100000,1144538.86550000,0
2024-10-06 01:00:00,562.5,566.0,562.2,565.7,6537.496,2024-10-06 01:59:59.999,3694291.3005,16697,4208.17700000,2377980.41680000,0
2024-10-06 02:00:00,565.7,566.2,564.0,564.4,3316.649,2024-10-06 02:59:59.999,1873964.6238,9110,1734.47600000,980106.42840000,0
2024-10-06 03:00:00,564.3,564.8,561.9,561.9,3570.05,2024-10-06 03:59:59.999,2011260.9551,10601,1176.94000000,663163.68400000,0
2024-10-06 04:00:00,562.0,563.6,561.3,562.4,2772.944,2024-10-06 04:59:59.999,1559702.2999,8289,1517.78000000,853860.84760000,0
2024-10-06 05:00:00,562.5,563.2,561.3,562.7,4010.608,2024-10-06 05:59:59.999,2255113.4879,8516,1654.63200000,930702.27200000,0
2024-10-06 06:00:00,562.6,563.9,561.8,562.3,3241.345,2024-10-06 06:59:59.999,1823723.9322,6506,1448.04500000,814821.56080000,0
2024-10-06 07:00:00,562.3,563.4,562.2,562.5,4612.782,2024-10-06 07:59:59.999,2595922.0759,9085,1819.01900000,1023801.65400000,0
2024-10-06 08:00:00,562.6,563.7,561.1,562.7,3679.331,2024-10-06 08:59:59.999,2069297.4678,10319,1595.04500000,897252.48060000,0
2024-10-06 09:00:00,562.6,563.9,562.2,563.2,2419.99,2024-10-06 09:59:59.999,1362747.4474,6980,1308.66700000,737033.93430000,0
2024-10-06 10:00:00,563.3,563.5,561.4,561.4,3148.511,2024-10-06 10:59:59.999,1770335.4277,6542,920.48800000,517541.33640000,0
2024-10-06 11:00:00,561.5,563.4,561.4,562.6,2271.14,2024-10-06 11:59:59.999,1277611.031,7872,1210.60300000,681005.44180000,0
2024-10-06 12:00:00,562.6,563.7,561.8,563.4,5773.082,2024-10-06 12:59:59.999,3249583.2021,11923,3100.28900000,1745326.77740000,0
2024-10-06 13:00:00,563.4,564.3,563.1,563.7,4211.22,2024-10-06 13:59:59.999,2374148.5344,11207,2482.53200000,1399630.63730000,0
2024-10-06 14:00:00,563.8,568.9,562.7,568.4,8559.407,2024-10-06 14:59:59.999,4845619.0376,21493,5061.96500000,2867634.79720000,0
2024-10-06 15:00:00,568.4,569.1,565.2,567.3,6170.444,2024-10-06 15:59:59.999,3497834.2892,21297,3000.42200000,1701559.83140000,0
2024-10-06 16:00:00,567.3,568.4,565.2,565.8,5763.021,2024-10-06 16:59:59.999,3266457.4033,19892,3047.40700000,1727514.28450000,0
2024-10-06 17:00:00,565.9,567.7,565.7,565.9,4520.003,2024-10-06 17:59:59.999,2561627.1264,11298,2257.03200000,1279351.57820000,0
2024-10-06 18:00:00,565.9,567.5,565.8,566.2,2178.478,2024-10-06 18:59:59.999,1234521.3443,10760,940.67500000,533054.25360000,0
2024-10-06 19:00:00,566.3,568.1,565.7,565.8,3955.914,2024-10-06 19:59:59.999,2243438.675,13687,2213.08300000,1255314.11150000,0
2024-10-06 20:00:00,565.8,567.2,565.7,567.1,1963.136,2024-10-06 20:59:59.999,1112345.1651,9057,1009.20700000,571801.20490000,0
2024-10-06 21:00:00,567.0,567.4,563.6,564.3,6028.352,2024-10-06 21:59:59.999,3408553.7723,10968,2887.43400000,1632477.72960000,0
2024-10-06 22:00:00,564.4,567.4,564.3,567.4,4649.547,2024-10-06 22:59:59.999,2631533.9191,10957,2852.70900000,1614798.99020000,0
2024-10-06 23:00:00,567.3,571.9,567.3,570.3,10080.505,2024-10-06 23:59:59.999,5742717.3499,26261,5723.86800000,3260779.99180000,0
2024-10-07 00:00:00,570.4,576.0,567.7,575.6,14845.18,2024-10-07 00:59:59.999,8498766.4101,40431,8245.79200000,4723885.34100000,0
2024-10-07 01:00:00,575.5,576.2,573.9,575.8,11115.677,2024-10-07 01:59:59.999,6395184.6919,26736,5437.94900000,3129008.40980000,0
2024-10-07 02:00:00,575.9,577.5,574.7,574.9,7978.12,2024-10-07 02:59:59.999,4597938.3283,20178,4578.48300000,2638948.55450000,0
2024-10-07 03:00:00,574.8,575.8,571.5,573.4,8195.811,2024-10-07 03:59:59.999,4700805.3005,17558,3649.49600000,2093141.54220000,0
2024-10-07 04:00:00,573.4,575.8,572.9,573.0,5420.25,2024-10-07 04:59:59.999,3112471.9656,13525,2612.95000000,1500845.94840000,0
2024-10-07 05:00:00,573.0,574.6,572.4,573.8,4719.42,2024-10-07 05:59:59.999,2706954.1239,13074,2163.28000000,1240946.06310000,0
2024-10-07 06:00:00,573.9,577.3,573.3,577.1,6190.799,2024-10-07 06:59:59.999,3564411.3587,14251,4038.18500000,2325098.72610000,0
2024-10-07 07:00:00,577.0,577.5,575.3,576.1,4978.719,2024-10-07 07:59:59.999,2869129.5413,12280,3034.87900000,1749095.81980000,0
2024-10-07 08:00:00,576.0,577.7,576.0,576.0,4213.167,2024-10-07 08:59:59.999,2430634.8052,14098,2260.68900000,1304161.29950000,0
2024-10-07 09:00:00,576.0,576.0,570.4,572.7,11981.79,2024-10-07 09:59:59.999,6862091.9717,26830,5798.38300000,3318740.64500000,0
2024-10-07 10:00:00,572.6,572.8,568.2,569.4,8639.991,2024-10-07 10:59:59.999,4926207.9543,24356,3061.30300000,1745374.43670000,0
2024-10-07 11:00:00,569.4,572.0,566.9,571.9,10158.092,2024-10-07 11:59:59.999,5784913.0618,25488,4561.86800000,2599146.88820000,0
2024-10-07 12:00:00,571.9,572.6,570.5,570.9,5104.149,2024-10-07 12:59:59.999,2916734.4601,18115,2442.85300000,1396126.93360000,0
2024-10-07 13:00:00,570.9,576.7,570.6,575.3,8533.134,2024-10-07 13:59:59.999,4901942.487,26979,4798.06400000,2756421.78420000,0
2024-10-07 14:00:00,575.3,581.8,575.1,577.0,22545.028,2024-10-07 14:59:59.999,13049521.2971,56819,12423.34300000,7191997.09080000,0
2024-10-07 15:00:00,576.9,577.2,573.8,575.7,11883.835,2024-10-07 15:59:59.999,6840251.9932,38753,5251.66700000,3023063.49670000,0
2024-10-07 16:00:00,575.7,577.2,573.2,577.1,6823.947,2024-10-07 16:59:59.999,3927366.5818,27133,3537.61100000,2036713.29510000,0
2024-10-07 17:00:00,577.1,577.7,575.0,576.3,4122.675,2024-10-07 17:59:59.999,2375936.9486,16539,1938.15100000,1117069.12230000,0
2024-10-07 18:00:00,576.3,576.6,566.9,568.2,13045.275,2024-10-07 18:59:59.999,7449142.1771,42625,5168.30100000,2953982.87000000,0
2024-10-07 19:00:00,568.3,573.0,568.2,572.5,9192.275,2024-10-07 19:59:59.999,5253098.1824,28173,5074.23200000,2900182.67230000,0
2024-10-07 20:00:00,572.6,572.8,570.3,570.5,6602.566,2024-10-07 20:59:59.999,3774862.8935,14288,3140.04600000,1795256.29110000,0
2024-10-07 21:00:00,570.5,573.7,570.3,573.6,3292.631,2024-10-07 21:59:59.999,1884594.9016,12262,1641.04700000,939262.19920000,0
2024-10-07 22:00:00,573.5,574.2,567.4,567.9,7896.016,2024-10-07 22:59:59.999,4515607.9628,25962,3635.55400000,2080192.79760000,0
2024-10-07 23:00:00,567.9,569.2,563.5,564.3,15568.129,2024-10-07 23:59:59.999,8819163.3867,47011,6515.97900000,3691790.79620000,0
2024-10-08 00:00:00,564.4,569.9,563.3,569.7,9970.258,2024-10-08 00:59:59.999,5648664.5975,28289,5960.45900000,3378403.39780000,0
2024-10-08 01:00:00,569.8,571.4,567.3,570.5,5169.93,2024-10-08 01:59:59.999,2942548.1995,19051,2724.70300000,1551144.66500000,0
2024-10-08 02:00:00,570.4,571.3,567.6,569.9,4908.278,2024-10-08 02:59:59.999,2791374.5999,19232,2146.94400000,1221352.52640000,0
2024-10-08 03:00:00,570.0,570.3,568.1,569.8,6485.081,2024-10-08 03:59:59.999,3693670.5817,17733,3188.68100000,1816373.89120000,0
2024-10-08 04:00:00,569.8,570.9,568.1,569.4,4259.957,2024-10-08 04:59:59.999,2428342.8534,14681,1886.17800000,1075271.44370000,0
2024-10-08 05:00:00,569.5,570.0,563.0,565.1,9232.968,2024-10-08 05:59:59.999,5225819.8654,25696,4097.68700000,2319456.75510000,0
2024-10-08 06:00:00,565.1,565.7,562.5,565.7,6344.716,2024-10-08 06:59:59.999,3579831.8084,26709,2936.52600000,1657325.48950000,0
2024-10-08 07:00:00,565.7,565.7,559.5,563.4,7956.033,2024-10-08 07:59:59.999,4470550.8358,29257,3257.91600000,1831367.09200000,0
2024-10-08 08:00:00,563.5,572.4,562.1,572.0,33153.298,2024-10-08 08:59:59.999,18837237.7457,50016,19044.90600000,10823032.80990000,0
2024-10-08 09:00:00,572.0,573.0,569.5,572.7,14234.286,2024-10-08 09:59:59.999,8133074.8333,26894,6345.19800000,3626760.29190000,0
2024-10-08 10:00:00,572.7,574.6,571.3,573.4,8966.12,2024-10-08 10:59:59.999,5135171.9862,21610,5344.46700000,3061286.89200000,0
2024-10-08 11:00:00,573.4,577.2,573.1,577.1,14853.453,2024-10-08 11:59:59.999,8543003.9335,24983,8215.08700000,4726504.95900000,0
2024-10-08 12:00:00,577.0,577.8,574.3,574.5,10677.012,2024-10-08 12:59:59.999,6151476.0857,25041,4475.18100000,2578396.75350000,0
2024-10-08 13:00:00,574.5,578.5,572.7,578.2,17955.402,2024-10-08 13:59:59.999,10336732.2608,41079,10088.04400000,5808581.41260000,0
2024-10-08 14:00:00,578.3,579.2,572.7,578.7,15578.244,2024-10-08 14:59:59.999,8972941.6374,55399,6886.64100000,3968592.24440000,0
2024-10-08 15:00:00,578.7,580.4,573.4,578.1,25413.626,2024-10-08 15:59:59.999,14677802.6947,51317,12815.88900000,7402740.46910000,0
2024-10-08 16:00:00,578.0,583.4,576.3,583.0,15008.402,2024-10-08 16:59:59.999,8710781.4588,42080,8366.81600000,4856942.91890000,0
2024-10-08 17:00:00,582.9,583.3,578.3,580.4,15240.442,2024-10-08 17:59:59.999,8846439.3168,35921,7104.03300000,4123891.10770000,0
2024-10-08 18:00:00,580.3,581.8,578.4,580.9,12610.214,2024-10-08 18:59:59.999,7320604.916,24462,4763.91500000,2765465.96770000,0
2024-10-08 19:00:00,580.8,586.8,578.6,585.5,16479.655,2024-10-08 19:59:59.999,9606890.547,35528,9607.52800000,5601812.66340000,0
2024-10-08 20:00:00,585.6,586.3,582.9,583.5,8502.423,2024-10-08 20:59:59.999,4968946.2996,19773,3669.45500000,2144171.48560000,0
2024-10-08 21:00:00,583.4,584.6,582.7,583.6,6190.21,2024-10-08 21:59:59.999,3612655.7275,13384,2949.92000000,1721746.35470000,0
2024-10-08 22:00:00,583.6,583.8,579.5,580.5,8349.717,2024-10-08 22:59:59.999,4850075.2202,21902,3860.81100000,2242317.04650000,0
2024-10-08 23:00:00,580.6,581.7,579.1,580.8,8736.452,2024-10-08 23:59:59.999,5071456.6527,17795,5357.72100000,3110273.17710000,0
2024-10-09 00:00:00,580.8,582.2,577.5,579.8,10598.145,2024-10-09 00:59:59.999,6145243.4709,29674,5511.15100000,3195914.97010000,0
2024-10-09 01:00:00,579.9,583.1,579.0,579.8,24642.573,2024-10-09 01:59:59.999,14322052.6054,40664,11737.12100000,6820448.74030000,0
2024-10-09 02:00:00,579.9,580.0,574.5,574.9,19859.673,2024-10-09 02:59:59.999,11474380.3693,33662,7914.58900000,4572964.37850000,0
2024-10-09 03:00:00,574.9,577.4,573.1,576.5,18181.538,2024-10-09 03:59:59.999,10465498.999,28335,10214.49200000,5880710.47070000,0
2024-10-09 04:00:00,576.4,580.6,575.6,578.9,16489.568,2024-10-09 04:59:59.999,9534857.9887,22286,8930.82500000,5162920.36140000,0
2024-10-09 05:00:00,578.9,581.8,578.6,581.7,16447.728,2024-10-09 05:59:59.999,9541199.6949,20340,8408.13600000,4877972.18710000,0
2024-10-09 06:00:00,581.7,585.8,581.3,583.9,18161.439,2024-10-09 06:59:59.999,10604167.8727,28800,9940.64100000,5803246.33590000,0
2024-10-09 07:00:00,583.9,584.0,582.1,582.4,9202.257,2024-10-09 07:59:59.999,5364795.9777,21112,3917.89900000,2284474.33120000,0
2024-10-09 08:00:00,582.3,585.5,582.1,585.1,18683.344,2024-10-09 08:59:59.999,10915451.0112,27733,8149.24300000,4759726.40400000,0
2024-10-09 09:00:00,585.1,586.0,582.4,584.8,9498.632,2024-10-09 09:59:59.999,5547485.3414,23562,4733.25100000,2764719.78150000,0
2024-10-09 10:00:00,584.7,584.9,582.2,582.4,8880.946,2024-10-09 10:59:59.999,5186128.5038,22647,3722.79900000,2174067.56980000,0
2024-10-09 11:00:00,582.3,583.4,581.4,583.3,6614.019,2024-10-09 11:59:59.999,3851590.6254,18847,3878.14300000,2258591.14400000,0
2024-10-09 12:00:00,583.3,583.7,579.1,580.5,13357.103,2024-10-09 12:59:59.999,7760887.4862,33933,5724.70100000,3326833.19950000,0
2024-10-09 13:00:00,580.6,581.0,576.6,576.8,15570.637,2024-10-09 13:59:59.999,9011068.9255,39547,6319.19400000,3656348.74370000,0
2024-10-09 14:00:00,576.7,580.7,576.4,579.7,24202.227,2024-10-09 14:59:59.999,14019801.591,40360,13157.51400000,7621541.38300000,0
2024-10-09 15:00:00,579.7,585.0,579.7,581.0,16801.631,2024-10-09 15:59:59.999,9789128.1423,38445,7839.79700000,4568117.51130000,0
2024-10-09 16:00:00,581.1,581.9,576.7,578.2,10388.14,2024-10-09 16:59:59.999,6013327.9957,39042,4625.28400000,2678131.76960000,0
2024-10-09 17:00:00,578.3,579.1,576.8,577.5,4963.952,2024-10-09 17:59:59.999,2868807.2451,22049,2374.14600000,1372252.06920000,0
2024-10-09 18:00:00,577.6,578.4,574.1,574.9,10724.65,2024-10-09 18:59:59.999,6171687.9447,37204,4504.70600000,2592230.32690000,0
2024-10-09 19:00:00,574.9,575.2,571.1,571.8,10266.934,2024-10-09 19:59:59.999,5886276.4677,34606,4262.21000000,2443225.79590000,0
2024-10-09 20:00:00,571.9,573.3,567.1,567.3,14542.48,2024-10-09 20:59:59.999,8290041.6382,46075,6390.93500000,3643917.24760000,0
2024-10-09 21:00:00,567.4,571.1,566.2,570.5,10593.553,2024-10-09 21:59:59.999,6030469.9619,26478,5054.50500000,2878499.42790000,0
2024-10-09 22:00:00,570.5,571.1,568.7,570.5,6714.505,2024-10-09 22:59:59.999,3827250.7318,14201,3666.17100000,2089883.07950000,0
2024-10-09 23:00:00,570.5,571.7,570.0,570.7,9010.38,2024-10-09 23:59:59.999,5142999.4501,17239,3618.64200000,2065620.50130000,0
2024-10-10 00:00:00,570.8,571.3,567.4,569.0,7357.608,2024-10-10 00:59:59.999,4188409.9045,24375,3370.03600000,1918142.05110000,0
2024-10-10 01:00:00,569.1,572.8,569.0,571.0,6230.532,2024-10-10 01:59:59.999,3559862.5229,22097,2732.22100000,1561047.90660000,0
2024-10-10 02:00:00,571.1,571.7,570.1,571.0,5033.6,2024-10-10 02:59:59.999,2874195.1299,19278,2659.53900000,1518608.77510000,0
2024-10-10 03:00:00,570.9,571.5,569.4,569.4,3793.69,2024-10-10 03:59:59.999,2165529.2884,14474,1837.91100000,1049259.94690000,0
2024-10-10 04:00:00,569.4,571.2,569.0,570.6,2983.848,2024-10-10 04:59:59.999,1701597.5054,13483,1720.86200000,981299.11540000,0
2024-10-10 05:00:00,570.5,572.9,570.1,571.9,3613.18,2024-10-10 05:59:59.999,2064382.0585,16916,1800.34200000,1028751.59330000,0
2024-10-10 06:00:00,572.0,572.9,571.2,572.6,5200.793,2024-10-10 06:59:59.999,2975451.872,15195,2349.34500000,1344283.55470000,0
2024-10-10 07:00:00,572.7,572.7,570.1,570.2,3633.118,2024-10-10 07:59:59.999,2076108.0416,13762,1395.65400000,797514.97830000,0
2024-10-10 08:00:00,570.2,571.0,568.0,568.4,9777.15,2024-10-10 08:59:59.999,5571745.8302,26368,4456.42800000,2539788.14630000,0
2024-10-10 09:00:00,568.4,569.0,564.8,567.5,10155.216,2024-10-10 09:59:59.999,5758158.0783,35028,4217.38700000,2391624.28070000,0
2024-10-10 10:00:00,567.5,570.0,567.3,568.9,4890.095,2024-10-10 10:59:59.999,2783315.3228,21176,2658.59500000,1513245.35090000,0
2024-10-10 11:00:00,568.8,571.2,568.5,570.6,5168.559,2024-10-10 11:59:59.999,2946908.0828,18294,3077.57300000,1754672.03480000,0
2024-10-10 12:00:00,570.6,570.8,565.4,568.1,9414.745,2024-10-10 12:59:59.999,5350079.5676,38189,4188.90100000,2380927.44490000,0
2024-10-10 13:00:00,568.1,569.2,563.2,565.3,13113.607,2024-10-10 13:59:59.999,7428046.7706,46610,5558.76000000,3148300.93360000,0
2024-10-10 14:00:00,565.4,566.3,563.0,564.1,8380.996,2024-10-10 14:59:59.999,4728238.4365,40549,4155.82300000,2344597.39600000,0
2024-10-10 15:00:00,564.1,566.1,563.0,565.6,6312.514,2024-10-10 15:59:59.999,3563968.7784,29177,2878.25500000,1625202.67470000,0
2024-10-10 16:00:00,565.6,567.4,563.1,563.5,9014.497,2024-10-10 16:59:59.999,5091929.4138,32349,4305.10600000,2432293.25360000,0
2024-10-10 17:00:00,563.5,564.9,555.3,557.2,18700.059,2024-10-10 17:59:59.999,10468130.7252,51269,7245.08900000,4053549.74230000,0
2024-10-10 18:00:00,557.2,558.7,551.5,558.4,21575.401,2024-10-10 18:59:59.999,11964912.4991,68967,10489.56000000,5818416.13470000,0
2024-10-10 19:00:00,558.5,560.2,557.1,559.6,5777.344,2024-10-10 19:59:59.999,3227824.2675,21847,3551.62300000,1984649.67360000,0
2024-10-10 20:00:00,559.7,561.5,558.0,559.4,4389.567,2024-10-10 20:59:59.999,2455701.5077,18657,1895.09200000,1060244.04220000,0
2024-10-10 21:00:00,559.3,562.2,558.7,562.2,3041.651,2024-10-10 21:59:59.999,1703546.4443,12105,1743.47600000,976519.38630000,0
2024-10-10 22:00:00,562.1,562.3,559.9,561.1,4856.522,2024-10-10 22:59:59.999,2724730.0952,14360,2145.06000000,1203497.93100000,0
2024-10-10 23:00:00,561.2,563.9,561.0,563.9,5784.017,2024-10-10 23:59:59.999,3252626.2322,12841,3229.52600000,1815893.42380000,0
2024-10-11 00:00:00,563.8,565.3,562.5,563.2,11109.466,2024-10-11 00:59:59.999,6260481.3539,21961,5242.04200000,2954290.31680000,0
2024-10-11 01:00:00,563.2,565.5,560.8,564.0,9210.155,2024-10-11 01:59:59.999,5176535.7897,21047,3765.96300000,2116930.49190000,0
2024-10-11 02:00:00,564.1,564.4,561.5,562.8,6202.108,2024-10-11 02:59:59.999,3490680.1375,19126,2546.84800000,1433327.19380000,0
2024-10-11 03:00:00,562.8,565.3,562.7,564.0,6607.231,2024-10-11 03:59:59.999,3726630.8096,15865,4165.71100000,2349732.78190000,0
2024-10-11 04:00:00,564.0,565.0,562.3,563.1,5576.973,2024-10-11 04:59:59.999,3143106.6568,15668,2331.32100000,1314227.47270000,0
2024-10-11 05:00:00,563.0,564.1,560.7,561.0,5731.879,2024-10-11 05:59:59.999,3222734.4426,17496,2212.04200000,1243783.49940000,0
2024-10-11 06:00:00,561.1,562.8,560.4,561.2,6512.184,2024-10-11 06:59:59.999,3656627.8104,18555,3384.00400000,1900199.51210000,0
2024-10-11 07:00:00,561.1,561.6,560.1,560.5,5204.695,2024-10-11 07:59:59.999,2920802.3153,13135,2612.81700000,1466405.42160000,0
2024-10-11 08:00:00,560.5,563.6,560.2,563.5,6177.164,2024-10-11 08:59:59.999,3470059.3326,16631,3783.03400000,2125830.88940000,0
2024-10-11 09:00:00,563.6,568.2,563.4,567.4,11960.443,2024-10-11 09:59:59.999,6764652.2655,21462,7173.98500000,4058057.23410000,0
2024-10-11 10:00:00,567.4,568.6,566.2,568.1,12314.752,2024-10-11 10:59:59.999,6989614.0398,24447,6003.19900000,3407498.90130000,0
2024-10-11 11:00:00,568.1,568.5,566.8,567.8,9256.65,2024-10-11 11:59:59.999,5256401.7538,17511,4056.73100000,2303628.47820000,0
2024-10-11 12:00:00,567.8,569.4,566.9,568.5,8666.61,2024-10-11 12:59:59.999,4924541.6498,25341,4527.73300000,2572695.11300000,0
2024-10-11 13:00:00,568.5,569.8,566.2,569.1,12090.554,2024-10-11 13:59:59.999,6866129.0432,32082,5443.96500000,3091998.44900000,0
2024-10-11 14:00:00,569.0,570.5,567.4,568.9,10637.815,2024-10-11 14:59:59.999,6054632.0226,29805,5574.43700000,3173093.35790000,0
2024-10-11 15:00:00,568.8,573.4,568.8,571.9,12064.519,2024-10-11 15:59:59.999,6896236.1779,34035,6229.31600000,3560623.81970000,0
2024-10-11 16:00:00,571.9,573.3,571.2,572.1,10194.033,2024-10-11 16:59:59.999,5833399.1779,27028,5209.71900000,2981314.84440000,0
2024-10-11 17:00:00,572.2,575.4,571.3,575.3,9057.658,2024-10-11 17:59:59.999,5195617.9367,24381,5710.83800000,3275973.68880000,0
2024-10-11 18:00:00,575.4,575.6,573.0,573.9,5033.77,2024-10-11 18:59:59.999,2889505.652,17665,2258.20600000,1296233.25510000,0
2024-10-11 19:00:00,573.9,577.5,573.3,574.2,8843.941,2024-10-11 19:59:59.999,5088607.5294,30121,4927.33300000,2835498.27870000,0
2024-10-11 20:00:00,574.3,574.3,572.4,573.1,3435.284,2024-10-11 20:59:59.999,1968687.0507,12594,1576.25600000,903266.93160000,0
2024-10-11 21:00:00,573.1,574.8,573.1,573.8,2916.416,2024-10-11 21:59:59.999,1673894.1883,10286,1635.95000000,939016.67590000,0
2024-10-11 22:00:00,573.8,574.8,572.2,572.6,3293.942,2024-10-11 22:59:59.999,1888218.9773,15347,1383.60200000,793279.39680000,0
2024-10-11 23:00:00,572.7,574.1,572.3,573.6,2997.116,2024-10-11 23:59:59.999,1717887.7704,12814,1786.87800000,1024361.58290000,0
2024-10-12 00:00:00,573.7,575.8,573.6,575.5,4211.534,2024-10-12 00:59:59.999,2420456.2903,17436,2329.93800000,1339111.72880000,0
2024-10-12 01:00:00,575.4,577.2,574.3,576.9,8961.847,2024-10-12 01:59:59.999,5163235.6936,19044,6122.52000000,3527635.43560000,0
2024-10-12 02:00:00,577.0,577.4,575.6,576.2,7683.068,2024-10-12 02:59:59.999,4430734.4157,17701,3757.31200000,2166807.42240000,0
2024-10-12 03:00:00,576.1,577.1,574.9,576.6,4988.515,2024-10-12 03:59:59.999,2874975.2127,14161,2577.17200000,1485399.49330000,0
2024-10-12 04:00:00,576.7,578.7,576.7,578.5,7612.245,2024-10-12 04:59:59.999,4398854.9604,14754,3634.79900000,2100023.13630000,0
2024-10-12 05:00:00,578.5,578.8,577.3,577.8,4905.903,2024-10-12 05:59:59.999,2835797.1509,14093,2308.62600000,1334406.00950000,0
2024-10-12 06:00:00,577.9,578.0,577.3,577.7,4686.329,2024-10-12 06:59:59.999,2707505.0054,9798,2035.76900000,1176200.64500000,0
2024-10-12 07:00:00,577.8,577.9,574.0,575.3,9218.65,2024-10-12 07:59:59.999,5311908.8101,19113,3156.87500000,1818830.74330000,0
2024-10-12 08:00:00,575.3,576.1,574.9,575.7,4437.611,2024-10-12 08:59:59.999,2553784.6844,15451,2190.27700000,1260562.30630000,0
2024-10-12 09:00:00,575.6,576.5,574.9,576.5,5023.334,2024-10-12 09:59:59.999,2892546.7461,14134,2661.27600000,1532501.88920000,0
2024-10-12 10:00:00,576.5,578.5,576.2,577.7,5228.992,2024-10-12 10:59:59.999,3019085.0807,15413,2670.95200000,1542161.83340000,0
2024-10-12 11:00:00,577.6,579.2,576.0,576.4,10394.314,2024-10-12 11:59:59.999,6005556.4189,17582,5699.02500000,3292301.25280000,0
2024-10-12 12:00:00,576.4,577.5,574.9,577.2,8918.229,2024-10-12 12:59:59.999,5137575.4766,18829,5497.24000000,3167031.76100000,0
2024-10-12 13:00:00,577.3,577.5,575.9,576.2,5563.269,2024-10-12 13:59:59.999,3208621.6491,12894,2336.40100000,1347680.50270000,0
2024-10-12 14:00:00,576.2,578.0,575.6,577.2,7145.464,2024-10-12 14:59:59.999,4122952.9959,16135,3200.29800000,1846653.80120000,0
2024-10-12 15:00:00,577.3,578.7,575.4,575.9,5707.555,2024-10-12 15:59:59.999,3294754.8349,16678,2715.73600000,1568177.61100000,0
2024-10-12 16:00:00,576.0,578.3,575.9,576.0,3747.158,2024-10-12 16:59:59.999,2162717.1915,14460,1864.41600000,1076001.12360000,0
2024-10-12 17:00:00,576.1,577.5,575.9,576.5,9947.618,2024-10-12 17:59:59.999,5737032.2041,14427,5268.75600000,3038793.07360000,0
2024-10-12 18:00:00,576.5,577.4,575.6,576.4,3713.011,2024-10-12 18:59:59.999,2140182.5858,15774,1735.14200000,1000215.54910000,0
2024-10-12 19:00:00,576.4,577.6,575.9,577.5,2594.293,2024-10-12 19:59:59.999,1496583.7587,11693,1274.30900000,735133.61510000,0
2024-10-12 20:00:00,577.5,577.8,576.9,577.3,2007.594,2024-10-12 20:59:59.999,1159219.3604,9781,1242.06800000,717216.85230000,0
2024-10-12 21:00:00,577.4,578.0,576.6,577.7,3879.237,2024-10-12 21:59:59.999,2240117.0249,12005,2167.39200000,1251596.48970000,0
2024-10-12 22:00:00,577.7,577.9,576.7,577.8,2483.452,2024-10-12 22:59:59.999,1434162.9163,11130,1377.14100000,795333.10990000,0
2024-10-12 23:00:00,577.8,578.0,576.1,576.6,2714.737,2024-10-12 23:59:59.999,1567072.32,7551,1360.61100000,785454.43720000,0
2024-10-13 00:00:00,576.6,578.5,576.4,577.1,4039.168,2024-10-13 00:59:59.999,2332894.2715,9599,2206.73300000,1274743.46550000,0
2024-10-13 01:00:00,577.2,578.2,574.4,576.1,7931.282,2024-10-13 01:59:59.999,4569597.584,17254,3631.80800000,2093080.98890000,0
2024-10-13 02:00:00,576.1,576.7,575.0,575.8,4312.417,2024-10-13 02:59:59.999,2482920.092,11984,1725.01900000,993372.58960000,0
2024-10-13 03:00:00,575.8,576.2,572.8,573.1,6725.32,2024-10-13 03:59:59.999,3858455.9691,14844,2399.37500000,1376645.01830000,0
2024-10-13 04:00:00,573.2,575.1,573.1,575.0,2364.433,2024-10-13 04:59:59.999,1358233.7015,6388,1482.66700000,851749.32140000,0
2024-10-13 05:00:00,575.0,576.2,574.7,574.7,3303.1,2024-10-13 05:59:59.999,1900664.5098,7086,1414.69500000,814091.02950000,0
2024-10-13 06:00:00,574.8,575.1,573.3,573.9,4420.764,2024-10-13 06:59:59.999,2537965.5669,8538,1766.95500000,1014492.66340000,0
2024-10-13 07:00:00,573.9,574.3,572.5,574.2,4697.944,2024-10-13 07:59:59.999,2693403.1509,11064,2320.60300000,1330716.18920000,0
2024-10-13 08:00:00,574.2,575.2,573.3,573.5,6397.056,2024-10-13 08:59:59.999,3673471.275,11733,2829.54100000,1624894.63530000,0
2024-10-13 09:00:00,573.6,574.8,573.3,574.5,3521.418,2024-10-13 09:59:59.999,2022355.9541,9317,1599.31800000,918481.21820000,0
2024-10-13 10:00:00,574.5,574.9,572.7,573.0,3337.226,2024-10-13 10:59:59.999,1915970.0869,12928,1698.52000000,975395.97920000,0
2024-10-13 11:00:00,572.9,574.4,572.1,572.3,4376.078,2024-10-13 11:59:59.999,2508443.3007,15405,2134.43700000,1223672.36580000,0
2024-10-13 12:00:00,572.3,574.2,572.1,572.7,3487.693,2024-10-13 12:59:59.999,1999107.5068,10732,2022.66600000,1159452.61870000,0
2024-10-13 13:00:00,572.6,573.8,572.4,572.6,3220.068,2024-10-13 13:59:59.999,1845201.9486,13002,1586.19300000,908967.35890000,0
2024-10-13 14:00:00,572.7,572.7,566.8,566.9,10858.181,2024-10-13 14:59:59.999,6181725.2839,27264,4030.19500000,2293399.59820000,0
2024-10-13 15:00:00,567.0,569.2,564.9,566.9,10457.222,2024-10-13 15:59:59.999,5928969.2432,33985,5060.33100000,2869675.42340000,0
2024-10-13 16:00:00,566.9,571.3,566.3,570.6,6715.119,2024-10-13 16:59:59.999,3824156.1524,20175,3470.45900000,1976553.12490000,0
2024-10-13 17:00:00,570.7,572.0,567.6,568.6,5539.693,2024-10-13 17:59:59.999,3156961.2157,18196,2292.35600000,1306868.75750000,0
2024-10-13 18:00:00,568.6,569.6,566.7,568.2,3617.547,2024-10-13 18:59:59.999,2055354.4145,17971,1520.61900000,864096.68440000,0
2024-10-13 19:00:00,568.2,571.0,568.2,570.8,2958.425,2024-10-13 19:59:59.999,1686541.6283,11817,1788.49200000,1019513.31400000,0
2024-10-13 20:00:00,570.9,570.9,569.6,570.8,6251.319,2024-10-13 20:59:59.999,3565469.8881,13326,2993.59500000,1707548.72970000,0
2024-10-13 21:00:00,570.9,572.0,570.2,570.9,3223.113,2024-10-13 21:59:59.999,1840965.8036,11847,1612.70800000,921220.88140000,0
2024-10-13 22:00:00,570.8,573.2,570.3,571.5,5023.219,2024-10-13 22:59:59.999,2872449.5339,22624,2704.33000000,1546658.42210000,0
2024-10-13 23:00:00,571.4,572.3,570.3,572.2,2002.171,2024-10-13 23:59:59.999,1143870.3602,12016,1177.94400000,673017.81430000,0
2024-10-14 00:00:00,572.3,572.6,569.8,570.4,3300.355,2024-10-14 00:59:59.999,1885694.9721,15502,1472.85800000,841597.18140000,0
2024-10-14 01:00:00,570.4,572.6,570.2,571.1,3368.879,2024-10-14 01:59:59.999,1926033.2859,13835,1395.34800000,797748.80600000,0
2024-10-14 02:00:00,571.1,571.6,570.0,570.3,3573.512,2024-10-14 02:59:59.999,2038926.6147,12158,1499.18600000,855439.76250000,0
2024-10-14 03:00:00,570.3,581.2,570.3,580.6,24754.258,2024-10-14 03:59:59.999,14314562.1931,41085,14884.58900000,8605932.45560000,0
2024-10-14 04:00:00,580.6,583.0,579.9,581.6,15671.872,2024-10-14 04:59:59.999,9120119.0494,33482,8481.48600000,4935995.55160000,0
2024-10-14 05:00:00,581.6,582.0,577.0,580.2,8779.66,2024-10-14 05:59:59.999,5088456.3788,26383,3861.05300000,2237614.82330000,0
2024-10-14 06:00:00,580.2,581.7,578.7,580.6,6595.85,2024-10-14 06:59:59.999,3826135.204,19141,3209.00900000,1861671.25410000,0
2024-10-14 07:00:00,580.7,581.3,558.9,580.5,30812.51,2024-10-14 07:59:59.999,17737294.0501,51405,13009.18900000,7506600.24520000,0
2024-10-14 08:00:00,580.5,581.5,578.7,579.0,9833.538,2024-10-14 08:59:59.999,5702820.1665,22043,5694.97700000,3302841.56620000,0
2024-10-14 09:00:00,579.1,581.1,578.0,580.4,8316.398,2024-10-14 09:59:59.999,4820841.5387,22805,4480.52500000,2597699.12550000,0
2024-10-14 10:00:00,580.5,581.9,579.9,580.9,6703.22,2024-10-14 10:59:59.999,3895184.2348,19755,3379.86700000,1964014.02290000,0
2024-10-14 11:00:00,581.0,582.0,580.0,581.0,5519.047,2024-10-14 11:59:59.999,3206754.0054,21805,2799.16000000,1626535.99440000,0
2024-10-14 12:00:00,581.1,582.2,580.2,580.4,5702.313,2024-10-14 12:59:59.999,3313927.2905,18951,2793.10000000,1623460.32260000,0
2024-10-14 13:00:00,580.4,582.5,579.4,582.3,9602.251,2024-10-14 13:59:59.999,5578484.4455,25708,5150.91400000,2992825.46250000,0
2024-10-14 14:00:00,582.4,588.9,582.3,585.8,27339.002,2024-10-14 14:59:59.999,16036211.8566,59258,15871.14100000,9310196.57580000,0
2024-10-14 15:00:00,585.8,588.9,585.6,588.2,14357.663,2024-10-14 15:59:59.999,8432944.6011,33665,8322.97900000,4887722.19930000,0
2024-10-14 16:00:00,588.2,592.3,587.5,588.0,21781.75,2024-10-14 16:59:59.999,12861587.8815,46674,11626.48900000,6864832.91230000,0
2024-10-14 17:00:00,588.0,589.9,587.3,588.0,6204.118,2024-10-14 17:59:59.999,3651470.6179,22565,2912.88300000,1714509.28000000,0
2024-10-14 18:00:00,588.1,591.0,587.9,588.5,7147.342,2024-10-14 18:59:59.999,4216267.8485,21871,3722.62900000,2196753.83770000,0
2024-10-14 19:00:00,588.6,590.0,588.0,588.7,10552.634,2024-10-14 19:59:59.999,6216611.4831,23605,5198.91800000,3062611.81580000,0
2024-10-14 20:00:00,588.7,589.7,587.8,588.0,5638.186,2024-10-14 20:59:59.999,3318977.5684,13507,2356.81200000,1387447.58570000,0
2024-10-14 21:00:00,588.0,588.8,587.1,587.8,2930.546,2024-10-14 21:59:59.999,1722432.2997,8813,1415.72100000,832193.10940000,0
2024-10-14 22:00:00,587.7,591.7,587.5,591.6,8008.428,2024-10-14 22:59:59.999,4721030.1478,26309,4430.68600000,2612498.39570000,0
2024-10-14 23:00:00,591.7,591.9,588.6,589.1,6309.844,2024-10-14 23:59:59.999,3721165.8036,21805,2798.53600000,1650529.73050000,0
2024-10-15 00:00:00,589.0,592.3,588.3,590.1,11802.845,2024-10-15 00:59:59.999,6968767.3522,33852,6843.40900000,4041825.07240000,0
2024-10-15 01:00:00,590.1,592.4,588.4,589.7,7051.197,2024-10-15 01:59:59.999,4164075.4213,21186,2834.31000000,1673319.58870000,0
2024-10-15 02:00:00,589.7,591.1,589.2,590.4,4073.351,2024-10-15 02:59:59.999,2403750.8186,12743,2067.46600000,1220048.87620000,0
2024-10-15 03:00:00,590.5,590.6,584.0,584.7,10487.201,2024-10-15 03:59:59.999,6151581.8307,24448,3781.23900000,2216990.31000000,0
2024-10-15 04:00:00,584.8,587.0,583.5,586.2,5525.785,2024-10-15 04:59:59.999,3233859.6006,17665,2740.22000000,1603768.38600000,0
2024-10-15 05:00:00,586.2,586.4,581.7,582.4,6068.425,2024-10-15 05:59:59.999,3540481.4171,25109,2290.62500000,1336591.78200000,0
2024-10-15 06:00:00,582.5,584.6,580.9,584.3,5993.273,2024-10-15 06:59:59.999,3492548.435,18468,2832.53800000,1651509.86030000,0
2024-10-15 07:00:00,584.3,585.8,584.2,584.7,5148.573,2024-10-15 07:59:59.999,3011439.7481,16357,2703.96300000,1581677.37130000,0
2024-10-15 08:00:00,584.7,587.2,584.6,586.8,6056.806,2024-10-15 08:59:59.999,3550497.5333,17537,3904.27700000,2288748.81400000,0
2024-10-15 09:00:00,586.9,587.9,585.0,586.5,7547.07,2024-10-15 09:59:59.999,4427817.8046,22270,3819.78400000,2240932.76530000,0
2024-10-15 10:00:00,586.5,591.1,585.9,590.3,11642.173,2024-10-15 10:59:59.999,6858142.4079,25352,7040.35900000,4146605.90820000,0
2024-10-15 11:00:00,590.2,591.0,583.7,585.3,22422.205,2024-10-15 11:59:59.999,13177776.4473,71567,9985.62200000,5869450.74060000,0
2024-10-15 12:00:00,585.3,594.5,585.1,593.4,16580.953,2024-10-15 12:59:59.999,9789950.2839,56648,9273.05000000,5477023.81100000,0
2024-10-15 13:00:00,593.4,599.5,591.3,598.4,33913.306,2024-10-15 13:59:59.999,20212756.0161,88933,18949.10300000,11295659.40650000,0
2024-10-15 14:00:00,598.4,599.9,582.0,584.1,58782.017,2024-10-15 14:59:59.999,34684260.1071,174878,26895.92700000,15880766.11240000,0
2024-10-15 15:00:00,584.2,591.4,577.7,589.2,41364.82,2024-10-15 15:59:59.999,24160211.1112,134243,21999.45900000,12851858.61480000,0
2024-10-15 16:00:00,589.3,595.4,588.9,591.8,14080.13,2024-10-15 16:59:59.999,8342764.8822,43656,7693.73700000,4559234.10120000,0
2024-10-15 17:00:00,591.8,593.1,589.6,591.6,8363.578,2024-10-15 17:59:59.999,4944125.9845,24066,3972.50100000,2348703.81030000,0
2024-10-15 18:00:00,591.7,595.6,591.2,594.0,12564.836,2024-10-15 18:59:59.999,7465228.3458,21261,7223.13600000,4291250.72540000,0
2024-10-15 19:00:00,594.1,595.3,591.6,594.6,9657.381,2024-10-15 19:59:59.999,5731152.0671,21710,4801.72600000,2849816.07110000,0
2024-10-15 20:00:00,594.6,594.8,587.7,588.1,10873.904,2024-10-15 20:59:59.999,6423951.6855,22968,4510.44300000,2664180.00190000,0
2024-10-15 21:00:00,588.1,591.3,587.1,590.8,5875.728,2024-10-15 21:59:59.999,3462215.2932,14845,2665.74800000,1571384.37820000,0
2024-10-15 22:00:00,590.9,593.7,589.4,592.0,3795.136,2024-10-15 22:59:59.999,2246583.0337,14076,1974.57900000,1168894.36370000,0
2024-10-15 23:00:00,592.0,594.8,591.8,594.5,4635.204,2024-10-15 23:59:59.999,2749225.8443,11865,3067.70500000,1819649.90180000,0
2024-10-16 00:00:00,594.6,595.2,592.7,593.0,5349.04,2024-10-16 00:59:59.999,3177791.5982,20161,2828.54200000,1680396.76870000,0
2024-10-16 01:00:00,593.0,596.9,591.7,595.9,7483.837,2024-10-16 01:59:59.999,4451767.7678,32057,3904.87200000,2323115.97890000,0
2024-10-16 02:00:00,595.9,597.4,595.0,595.8,5515.409,2024-10-16 02:59:59.999,3288000.0841,21996,3084.93000000,1839162.60590000,0
2024-10-16 03:00:00,595.9,596.3,593.3,593.9,6029.503,2024-10-16 03:59:59.999,3586167.8844,19292,3151.59900000,1874314.25880000,0
2024-10-16 04:00:00,593.9,595.2,589.7,591.4,12690.782,2024-10-16 04:59:59.999,7509177.8262,28567,4308.48100000,2549327.40070000,0
2024-10-16 05:00:00,591.4,593.9,590.8,592.9,5549.257,2024-10-16 05:59:59.999,3288478.6093,19417,3812.45900000,2259459.69660000,0
2024-10-16 06:00:00,592.9,593.8,590.2,591.8,7640.028,2024-10-16 06:59:59.999,4519971.5904,31396,3332.14700000,1971667.00620000,0
2024-10-16 07:00:00,591.8,592.5,589.7,591.0,7792.389,2024-10-16 07:59:59.999,4605405.2672,28330,4048.68300000,2393137.96000000,0
2024-10-16 08:00:00,591.1,593.6,590.6,592.0,8245.886,2024-10-16 08:59:59.999,4884115.2206,30981,4421.22900000,2619219.49840000,0
2024-10-16 09:00:00,592.1,595.3,591.9,594.6,6671.401,2024-10-16 09:59:59.999,3959863.6264,22862,3782.67200000,2245455.56590000,0
2024-10-16 10:00:00,594.7,597.2,593.3,595.9,21628.076,2024-10-16 10:59:59.999,12877659.5055,38686,12110.70300000,7209129.47950000,0
2024-10-16 11:00:00,595.8,600.8,594.7,599.3,33725.482,2024-10-16 11:59:59.999,20198371.3155,70919,21722.32100000,13010116.02360000,0
2024-10-16 12:00:00,599.3,601.7,597.3,597.7,16247.208,2024-10-16 12:59:59.999,9733843.2271,44484,8734.40400000,5235079.51280000,0
2024-10-16 13:00:00,597.8,599.1,593.5,594.1,16331.576,2024-10-16 13:59:59.999,9738730.9426,48788,8615.86000000,5137258.21080000,0
2024-10-16 14:00:00,594.0,599.9,593.7,596.5,15220.449,2024-10-16 14:59:59.999,9083428.5491,62266,8075.59800000,4817685.91340000,0
2024-10-16 15:00:00,596.5,597.2,594.0,595.4,5975.227,2024-10-16 15:59:59.999,3560330.355,32095,3042.10000000,1813148.10160000,0
2024-10-16 16:00:00,595.4,596.7,591.6,594.5,13882.531,2024-10-16 16:59:59.999,8239237.9567,47602,5440.65900000,3228039.10220000,0
2024-10-16 17:00:00,594.6,596.7,593.6,596.5,5373.748,2024-10-16 17:59:59.999,3200294.498,19068,2943.24500000,1753157.16970000,0
2024-10-16 18:00:00,596.5,604.5,596.3,601.0,17687.627,2024-10-16 18:59:59.999,10610440.7439,31852,10907.70300000,6544682.06530000,0
2024-10-16 19:00:00,601.1,602.0,600.2,601.6,5919.367,2024-10-16 19:59:59.999,3557629.6615,18297,3238.64300000,1946589.07820000,0
2024-10-16 20:00:00,601.6,605.5,601.1,602.4,21192.664,2024-10-16 20:59:59.999,12801102.7438,24698,12649.65200000,7640030.36740000,0
2024-10-16 21:00:00,602.4,603.4,600.3,600.8,5313.265,2024-10-16 21:59:59.999,3196711.7215,13076,2335.60700000,1405449.19570000,0
2024-10-16 22:00:00,600.8,604.3,600.7,603.0,3594.051,2024-10-16 22:59:59.999,2165038.2684,13366,1828.91900000,1101290.48590000,0
2024-10-16 23:00:00,603.0,603.5,600.2,600.9,4892.326,2024-10-16 23:59:59.999,2943982.7307,11814,1864.62400000,1122143.50720000,0
2024-10-17 00:00:00,601.0,605.0,600.0,603.3,15317.293,2024-10-17 00:59:59.999,9227785.6017,25336,7607.86300000,4585632.25240000,0
2024-10-17 01:00:00,603.4,606.3,603.2,605.0,14322.222,2024-10-17 01:59:59.999,8664457.1699,32960,8252.95100000,4993151.40410000,0
2024-10-17 02:00:00,604.9,605.9,602.5,603.8,10192.834,2024-10-17 02:59:59.999,6160295.9113,21890,5837.88400000,3528829.99480000,0
2024-10-17 03:00:00,603.9,605.3,603.5,604.1,3320.349,2024-10-17 03:59:59.999,2007162.3363,12010,1769.49000000,1069813.93750000,0
2024-10-17 04:00:00,604.2,605.6,600.9,601.6,8850.676,2024-10-17 04:59:59.999,5332295.3423,20533,3268.00600000,1969228.42420000,0
2024-10-17 05:00:00,601.7,603.2,599.9,600.1,4422.126,2024-10-17 05:59:59.999,2660738.1914,18672,1730.22400000,1041381.98640000,0
2024-10-17 06:00:00,600.1,601.0,598.2,598.6,5494.525,2024-10-17 06:59:59.999,3295848.8058,25224,2474.40200000,1484638.50070000,0
2024-10-17 07:00:00,598.6,599.1,596.1,597.0,11264.171,2024-10-17 07:59:59.999,6727633.4579,30487,5557.70600000,3319275.61110000,0
2024-10-17 08:00:00,597.0,597.9,595.1,597.7,6247.917,2024-10-17 08:59:59.999,3727457.3943,22877,2890.17100000,1724616.96330000,0
2024-10-17 09:00:00,597.7,597.9,594.9,595.4,4708.328,2024-10-17 09:59:59.999,2806714.2054,16631,2335.61400000,1392426.96650000,0
2024-10-17 10:00:00,595.5,595.8,591.2,593.8,8909.952,2024-10-17 10:59:59.999,5286763.5242,29499,3614.46200000,2145039.30610000,0
2024-10-17 11:00:00,593.8,594.3,590.3,590.3,7536.822,2024-10-17 11:59:59.999,4460190.9309,24298,2960.35500000,1752762.42770000,0
2024-10-17 12:00:00,590.4,593.3,590.0,593.1,6799.481,2024-10-17 12:59:59.999,4022352.7295,25734,3692.54300000,2185041.02690000,0
2024-10-17 13:00:00,593.1,594.6,590.2,592.6,8831.778,2024-10-17 13:59:59.999,5235075.3165,35560,4628.53300000,2744228.64670000,0
2024-10-17 14:00:00,592.6,592.7,589.1,591.7,11217.172,2024-10-17 14:59:59.999,6628849.8942,44471,5467.39300000,3231285.89840000,0
2024-10-17 15:00:00,591.7,595.1,589.0,594.1,12727.936,2024-10-17 15:59:59.999,7532890.499,45375,5652.33100000,3347999.01710000,0
2024-10-17 16:00:00,594.2,594.2,590.6,591.8,5953.581,2024-10-17 16:59:59.999,3525683.4054,31157,2813.61800000,1666051.79520000,0
2024-10-17 17:00:00,591.8,592.1,591.8,592.0,29.467,2024-10-17 17:59:59.999,17441.404,395,20.86300000,12348.48910000,0
